team,country,year,athletes,prev_medals,medals
AFG,Afghanistan,1964,8,0.0,0
AFG,Afghanistan,1968,5,0.0,0
AFG,Afghanistan,1972,8,0.0,0
AFG,Afghanistan,1980,11,0.0,0
AFG,Afghanistan,2004,5,0.0,0
AFG,Afghanistan,2008,4,0.0,1
AFG,Afghanistan,2012,6,1.0,1
AFG,Afghanistan,2016,3,1.0,0
AFG,Afghanistan,2020,5,0.0,0
AFG,Afghanistan,2024,7,0.0,0
AHO,Netherlands Antilles,1964,4,0.0,0
AHO,Netherlands Antilles,1968,5,0.0,0
AHO,Netherlands Antilles,1972,2,0.0,0
AHO,Netherlands Antilles,1976,4,0.0,0
AHO,Netherlands Antilles,1984,13,0.0,0
AHO,Netherlands Antilles,1988,4,0.0,1
AHO,Netherlands Antilles,1992,4,1.0,0
AHO,Netherlands Antilles,1996,7,0.0,0
AHO,Netherlands Antilles,2000,8,0.0,0
AHO,Netherlands Antilles,2004,3,0.0,0
AHO,Netherlands Antilles,2008,4,0.0,0
AIN,AIN,2024,47,,6
ALB,Albania,1992,9,,0
ALB,Albania,1996,9,0.0,0
ALB,Albania,2000,5,0.0,0
ALB,Albania,2004,7,0.0,0
ALB,Albania,2008,12,0.0,0
ALB,Albania,2012,10,0.0,0
ALB,Albania,2016,6,0.0,0
ALB,Albania,2020,10,0.0,0
ALB,Albania,2024,9,0.0,2
ALG,Algeria,1964,7,,0
ALG,Algeria,1968,9,0.0,0
ALG,Algeria,1972,7,0.0,0
ALG,Algeria,1980,63,0.0,0
ALG,Algeria,1984,33,0.0,2
ALG,Algeria,1988,45,2.0,0
ALG,Algeria,1992,36,0.0,2
ALG,Algeria,1996,47,2.0,3
ALG,Algeria,2000,51,3.0,5
ALG,Algeria,2004,71,5.0,0
ALG,Algeria,2008,57,0.0,2
ALG,Algeria,2012,39,2.0,1
ALG,Algeria,2016,74,1.0,2
ALG,Algeria,2020,38,2.0,0
ALG,Algeria,2024,55,0.0,3
AND,Andorra,1976,3,,0
AND,Andorra,1980,2,0.0,0
AND,Andorra,1984,2,0.0,0
AND,Andorra,1988,4,0.0,0
AND,Andorra,1992,8,0.0,0
AND,Andorra,1996,8,0.0,0
AND,Andorra,2000,5,0.0,0
AND,Andorra,2004,6,0.0,0
AND,Andorra,2008,5,0.0,0
AND,Andorra,2012,6,0.0,0
AND,Andorra,2016,4,0.0,0
AND,Andorra,2020,3,0.0,0
AND,Andorra,2024,4,0.0,0
ANG,Angola,1980,17,,0
ANG,Angola,1988,33,0.0,0
ANG,Angola,1992,33,0.0,0
ANG,Angola,1996,30,0.0,0
ANG,Angola,2000,30,0.0,0
ANG,Angola,2004,30,0.0,0
ANG,Angola,2008,33,0.0,0
ANG,Angola,2012,35,0.0,0
ANG,Angola,2016,26,0.0,0
ANG,Angola,2020,19,0.0,0
ANG,Angola,2024,26,0.0,0
ANT,Antigua and Barbuda,1976,17,,0
ANT,Antigua and Barbuda,1984,27,0.0,0
ANT,Antigua and Barbuda,1988,25,0.0,0
ANT,Antigua and Barbuda,1992,18,0.0,0
ANT,Antigua and Barbuda,1996,19,0.0,0
ANT,Antigua and Barbuda,2000,4,0.0,0
ANT,Antigua and Barbuda,2004,5,0.0,0
ANT,Antigua and Barbuda,2008,5,0.0,0
ANT,Antigua and Barbuda,2012,4,0.0,0
ANT,Antigua and Barbuda,2016,9,0.0,0
ANT,Antigua and Barbuda,2020,6,0.0,0
ANT,Antigua and Barbuda,2024,5,0.0,0
ARG,Argentina,1964,148,4.0,1
ARG,Argentina,1968,132,1.0,2
ARG,Argentina,1972,123,2.0,1
ARG,Argentina,1976,106,1.0,0
ARG,Argentina,1984,115,0.0,0
ARG,Argentina,1988,134,0.0,13
ARG,Argentina,1992,111,13.0,2
ARG,Argentina,1996,221,2.0,20
ARG,Argentina,2000,165,20.0,20
ARG,Argentina,2004,179,20.0,49
ARG,Argentina,2008,145,49.0,51
ARG,Argentina,2012,148,51.0,19
ARG,Argentina,2016,232,19.0,22
ARG,Argentina,2020,188,22.0,34
ARG,Argentina,2024,154,34.0,19
ARM,Armenia,1996,38,,2
ARM,Armenia,2000,26,2.0,1
ARM,Armenia,2004,19,1.0,0
ARM,Armenia,2008,26,0.0,6
ARM,Armenia,2012,31,6.0,3
ARM,Armenia,2016,34,3.0,4
ARM,Armenia,2020,17,4.0,4
ARM,Armenia,2024,17,4.0,4
ARU,Aruba,1988,12,,0
ARU,Aruba,1992,5,0.0,0
ARU,Aruba,1996,3,0.0,0
ARU,Aruba,2000,5,0.0,0
ARU,Aruba,2004,4,0.0,0
ARU,Aruba,2008,2,0.0,0
ARU,Aruba,2012,4,0.0,0
ARU,Aruba,2016,7,0.0,0
ARU,Aruba,2020,4,0.0,0
ARU,Aruba,2024,7,0.0,0
ASA,American Samoa,1988,6,,0
ASA,American Samoa,1996,7,0.0,0
ASA,American Samoa,2000,4,0.0,0
ASA,American Samoa,2004,3,0.0,0
ASA,American Samoa,2008,4,0.0,0
ASA,American Samoa,2012,4,0.0,0
ASA,American Samoa,2016,4,0.0,0
ASA,American Samoa,2020,6,0.0,0
ASA,American Samoa,2024,2,0.0,0
AUS,Australia,1964,392,46.0,44
AUS,Australia,1968,224,44.0,51
AUS,Australia,1972,266,51.0,20
AUS,Australia,1976,274,20.0,23
AUS,Australia,1980,190,23.0,13
AUS,Australia,1984,337,13.0,52
AUS,Australia,1988,339,52.0,35
AUS,Australia,1992,390,35.0,57
AUS,Australia,1996,550,57.0,132
AUS,Australia-2,2000,788,132.0,183
AUS,Australia-1,2004,601,183.0,157
AUS,Australia,2008,570,157.0,149
AUS,Australia,2012,514,149.0,114
AUS,Australia,2016,518,114.0,82
AUS,Australia,2020,601,82.0,121
AUS,Australia,2024,629,121.0,121
AUT,Austria,1964,82,3.0,0
AUT,Austria,1968,59,0.0,5
AUT,Austria,1972,143,5.0,3
AUT,Austria,1976,73,3.0,1
AUT,Austria,1980,92,1.0,5
AUT,Austria,1984,130,5.0,3
AUT,Austria,1988,96,3.0,1
AUT,Austria,1992,127,1.0,6
AUT,Austria,1996,92,6.0,3
AUT,Austria,2000,114,3.0,4
AUT,Austria,2004,92,4.0,8
AUT,Austria,2008,93,8.0,3
AUT,Austria,2012,90,3.0,0
AUT,Austria,2016,85,0.0,2
AUT,Austria,2020,86,2.0,6
AUT,Austria,2024,118,6.0,6
AZE,Azerbaijan,1996,24,,1
AZE,Azerbaijan,2000,32,1.0,3
AZE,Azerbaijan,2004,37,3.0,5
AZE,Azerbaijan,2008,44,5.0,7
AZE,Azerbaijan,2012,59,7.0,10
AZE,Azerbaijan,2016,69,10.0,18
AZE,Azerbaijan,2020,53,18.0,7
AZE,Azerbaijan,2024,49,7.0,7
BAH,John B,1964,12,0.0,2
BAH,Bahamas,1968,22,2.0,0
BAH,Bahamas,1972,25,0.0,0
BAH,Bahamas,1976,19,0.0,0
BAH,Bahamas,1984,31,0.0,0
BAH,Bahamas,1988,18,0.0,0
BAH,Bahamas,1992,18,0.0,1
BAH,Bahamas,1996,36,1.0,5
BAH,Bahamas,2000,39,5.0,11
BAH,Bahamas,2004,28,11.0,2
BAH,Bahamas,2008,33,2.0,7
BAH,Bahamas,2012,29,7.0,4
BAH,Bahamas,2016,38,4.0,6
BAH,Bahamas,2020,17,6.0,2
BAH,Bahamas,2024,22,2.0,0
BAN,Bangladesh,1984,2,,0
BAN,Bangladesh,1988,11,0.0,0
BAN,Bangladesh,1992,9,0.0,0
BAN,Bangladesh,1996,4,0.0,0
BAN,Bangladesh,2000,6,0.0,0
BAN,Bangladesh,2004,4,0.0,0
BAN,Bangladesh,2008,5,0.0,0
BAN,Bangladesh,2012,7,0.0,0
BAN,Bangladesh,2016,7,0.0,0
BAN,Bangladesh,2020,8,0.0,0
BAN,Bangladesh,2024,5,0.0,0
BAR,Barbados,1968,13,,0
BAR,Barbados,1972,20,0.0,0
BAR,Barbados,1976,17,0.0,0
BAR,Barbados,1984,25,0.0,0
BAR,Barbados,1988,26,0.0,0
BAR,Barbados,1992,22,0.0,0
BAR,Barbados,1996,22,0.0,0
BAR,Barbados,2000,28,0.0,1
BAR,Barbados,2004,15,1.0,0
BAR,Barbados,2008,10,0.0,0
BAR,Barbados,2012,8,0.0,0
BAR,Barbados,2016,13,0.0,0
BAR,Barbados,2020,7,0.0,0
BAR,Barbados,2024,4,0.0,0
BDI,Burundi,1996,7,,1
BDI,Burundi,2000,6,1.0,0
BDI,Burundi,2004,7,0.0,0
BDI,Burundi,2008,3,0.0,0
BDI,Burundi,2012,6,0.0,0
BDI,Burundi,2016,10,0.0,1
BDI,Burundi,2020,7,1.0,0
BDI,Burundi,2024,8,0.0,0
BEL,Belgium,1964,74,4.0,3
BEL,Belgium,1968,106,3.0,3
BEL,Belgium,1972,106,3.0,2
BEL,Belgium,1976,149,2.0,9
BEL,Belgium,1980,84,9.0,1
BEL,Belgium,1984,86,1.0,5
BEL,Belgium,1988,85,5.0,2
BEL,Belgium,1992,103,2.0,3
BEL,Belgium,1996,81,3.0,6
BEL,Belgium,2000,94,6.0,7
BEL,Belgium,2004,70,7.0,3
BEL,Belgium,2008,112,3.0,5
BEL,Belgium,2012,142,5.0,3
BEL,Belgium,2016,138,3.0,21
BEL,Belgium,2020,169,21.0,24
BEL,Belgium,2024,236,24.0,10
BEN,Benin,1972,3,,0
BEN,Benin,1980,17,0.0,0
BEN,Benin,1984,3,0.0,0
BEN,Benin,1988,10,0.0,0
BEN,Benin,1992,7,0.0,0
BEN,Benin,1996,7,0.0,0
BEN,Benin,2000,4,0.0,0
BEN,Benin,2004,4,0.0,0
BEN,Benin,2008,5,0.0,0
BEN,Benin,2012,5,0.0,0
BEN,Benin,2016,6,0.0,0
BEN,Benin,2020,6,0.0,0
BEN,Benin,2024,5,0.0,0
BER,Oleander XII,1964,4,0.0,0
BER,Bermuda,1968,6,0.0,0
BER,Bermuda,1972,9,0.0,0
BER,Bermuda,1976,20,0.0,1
BER,Bermuda,1984,13,1.0,0
BER,Bermuda,1988,14,0.0,0
BER,Bermuda,1992,29,0.0,0
BER,Bermuda,1996,10,0.0,0
BER,Bermuda,2000,7,0.0,0
BER,Bermuda,2004,10,0.0,0
BER,Bermuda,2008,6,0.0,0
BER,Bermuda,2012,8,0.0,0
BER,Bermuda,2016,8,0.0,0
BER,Bermuda,2020,2,0.0,1
BER,Bermuda,2024,8,1.0,0
BHU,Bhutan,1984,6,,0
BHU,Bhutan,1988,6,0.0,0
BHU,Bhutan,1992,12,0.0,0
BHU,Bhutan,1996,2,0.0,0
BHU,Bhutan,2000,2,0.0,0
BHU,Bhutan,2004,2,0.0,0
BHU,Bhutan,2008,2,0.0,0
BHU,Bhutan,2012,2,0.0,0
BHU,Bhutan,2016,2,0.0,0
BHU,Bhutan,2020,4,0.0,0
BHU,Bhutan,2024,3,0.0,0
BIH,Bosnia and Herzegovina,1992,13,,0
BIH,Bosnia and Herzegovina,1996,12,0.0,0
BIH,Bosnia and Herzegovina,2000,11,0.0,0
BIH,Bosnia and Herzegovina,2004,11,0.0,0
BIH,Bosnia and Herzegovina,2008,7,0.0,0
BIH,Bosnia and Herzegovina,2012,8,0.0,0
BIH,Bosnia and Herzegovina,2016,11,0.0,0
BIH,Bosnia and Herzegovina,2020,8,0.0,0
BIH,Bosnia and Herzegovina,2024,6,0.0,0
BIZ,Belize,1968,7,,0
BIZ,Belize,1972,2,0.0,0
BIZ,Belize,1976,4,0.0,0
BIZ,Belize,1984,13,0.0,0
BIZ,Belize,1988,13,0.0,0
BIZ,Belize,1992,18,0.0,0
BIZ,Belize,1996,5,0.0,0
BIZ,Belize,2000,2,0.0,0
BIZ,Belize,2004,2,0.0,0
BIZ,Belize,2008,4,0.0,0
BIZ,Belize,2012,3,0.0,0
BIZ,Belize,2016,3,0.0,0
BIZ,Belize,2020,4,0.0,0
BIZ,Belize,2024,1,0.0,0
BLR,Belarus,1996,259,,23
BLR,Belarus,2000,231,23.0,22
BLR,Belarus,2004,192,22.0,15
BLR,Belarus,2008,237,15.0,29
BLR,Belarus,2012,185,29.0,23
BLR,Belarus,2016,142,23.0,12
BLR,Belarus,2020,123,12.0,9
BOL,Bolivia,1964,1,,0
BOL,Bolivia,1968,4,0.0,0
BOL,Bolivia,1972,14,0.0,0
BOL,Bolivia,1976,5,0.0,0
BOL,Bolivia,1984,13,0.0,0
BOL,Bolivia,1988,12,0.0,0
BOL,Bolivia,1992,21,0.0,0
BOL,Bolivia,1996,9,0.0,0
BOL,Bolivia,2000,5,0.0,0
BOL,Bolivia,2004,11,0.0,0
BOL,Bolivia,2008,7,0.0,0
BOL,Bolivia,2012,5,0.0,0
BOL,Bolivia,2016,12,0.0,0
BOL,Bolivia,2020,5,0.0,0
BOL,Bolivia,2024,4,0.0,0
BOT,Botswana,1980,8,,0
BOT,Botswana,1984,8,0.0,0
BOT,Botswana,1988,11,0.0,0
BOT,Botswana,1992,6,0.0,0
BOT,Botswana,1996,7,0.0,0
BOT,Botswana,2000,9,0.0,0
BOT,Botswana,2004,12,0.0,0
BOT,Botswana,2008,11,0.0,0
BOT,Botswana,2012,4,0.0,1
BOT,Botswana,2016,14,1.0,0
BOT,Botswana,2020,14,0.0,4
BOT,Botswana,2024,18,4.0,5
BRA,Brazil,1964,65,13.0,12
BRA,Brazil,1968,89,12.0,4
BRA,Brazil,1972,104,4.0,2
BRA,Brazil,1976,89,2.0,3
BRA,Brazil,1980,149,3.0,9
BRA,Brazil,1984,197,9.0,36
BRA,Brazil,1988,233,36.0,23
BRA,Brazil,1992,233,23.0,14
BRA,Brazil,1996,251,14.0,63
BRA,Brazil,2000,236,63.0,48
BRA,Brazil,2004,318,48.0,40
BRA,Brazil,2008,338,40.0,78
BRA,Brazil,2012,306,78.0,59
BRA,Brazil,2016,583,59.0,50
BRA,Brazil,2020,378,50.0,54
BRA,Brazil,2024,403,54.0,67
BRN,Bahrain,1984,14,,0
BRN,Bahrain,1988,16,0.0,0
BRN,Bahrain,1992,15,0.0,0
BRN,Bahrain,2004,10,0.0,0
BRN,Bahrain,2008,15,0.0,0
BRN,Bahrain,2012,14,0.0,1
BRN,Bahrain,2016,33,1.0,2
BRN,Bahrain,2020,33,2.0,1
BRN,Bahrain,2024,16,1.0,4
BRU,Brunei,1996,1,,0
BRU,Brunei,2000,2,0.0,0
BRU,Brunei,2004,1,0.0,0
BRU,Brunei,2012,3,0.0,0
BRU,Brunei,2016,3,0.0,0
BRU,Brunei,2020,2,0.0,0
BRU,Brunei,2024,3,0.0,0
BUL,Bulgaria,1964,116,7.0,10
BUL,Bulgaria,1968,189,10.0,26
BUL,Bulgaria,1972,226,26.0,22
BUL,Bulgaria,1976,254,22.0,39
BUL,Bulgaria,1980,397,39.0,90
BUL,Bulgaria,1988,281,90.0,41
BUL,Bulgaria,1992,236,41.0,17
BUL,Bulgaria,1996,181,17.0,21
BUL,Bulgaria,2000,150,21.0,13
BUL,Bulgaria,2004,119,13.0,17
BUL,Bulgaria,2008,87,17.0,5
BUL,Bulgaria,2012,75,5.0,2
BUL,Bulgaria,2016,58,2.0,7
BUL,Bulgaria,2020,49,7.0,10
BUL,Bulgaria,2024,61,10.0,7
BUR,Burkina Faso,1972,1,,0
BUR,Burkina Faso,1988,9,0.0,0
BUR,Burkina Faso,1992,4,0.0,0
BUR,Burkina Faso,1996,5,0.0,0
BUR,Burkina Faso,2000,4,0.0,0
BUR,Burkina Faso,2004,5,0.0,0
BUR,Burkina Faso,2008,6,0.0,0
BUR,Burkina Faso,2012,5,0.0,0
BUR,Burkina Faso,2016,5,0.0,0
BUR,Burkina Faso,2020,8,0.0,1
BUR,Burkina Faso,2024,8,1.0,0
CAF,Central African Republic,1984,3,,0
CAF,Central African Republic,1988,15,0.0,0
CAF,Central African Republic,1992,21,0.0,0
CAF,Central African Republic,1996,5,0.0,0
CAF,Central African Republic,2000,3,0.0,0
CAF,Central African Republic,2004,4,0.0,0
CAF,Central African Republic,2008,3,0.0,0
CAF,Central African Republic,2012,6,0.0,0
CAF,Central African Republic,2016,6,0.0,0
CAF,Central African Republic,2020,2,0.0,0
CAF,Central African Republic,2024,4,0.0,0
CAM,Cambodia,1964,15,,0
CAM,Cambodia,1972,17,0.0,0
CAM,Cambodia,1996,5,0.0,0
CAM,Cambodia,2000,4,0.0,0
CAM,Cambodia,2004,4,0.0,0
CAM,Cambodia,2008,4,0.0,0
CAM,Cambodia,2012,6,0.0,0
CAM,Cambodia,2016,6,0.0,0
CAM,Cambodia,2020,3,0.0,0
CAM,Cambodia,2024,3,0.0,0
CAN,Canada,1964,194,9.0,5
CAN,Canada,1968,291,5.0,10
CAN,Canada,1972,344,10.0,11
CAN,Canada,1976,531,11.0,23
CAN,Canada,1984,572,23.0,87
CAN,Canada,1988,503,87.0,23
CAN,Canada,1992,445,23.0,44
CAN,Canada-2,1996,408,44.0,50
CAN,Canada-2,2000,422,50.0,31
CAN,Canada,2004,391,31.0,17
CAN,Canada,2008,449,17.0,35
CAN,Canada,2012,354,35.0,55
CAN,Canada,2016,405,55.0,69
CAN,Canada,2020,473,69.0,79
CAN,Canada,2024,512,79.0,55
CAY,Cayman Islands,1976,2,,0
CAY,Cayman Islands,1984,14,0.0,0
CAY,Cayman Islands,1988,12,0.0,0
CAY,Cayman Islands,1992,13,0.0,0
CAY,Cayman Islands,1996,9,0.0,0
CAY,Cayman Islands,2000,4,0.0,0
CAY,Cayman Islands,2004,8,0.0,0
CAY,Cayman Islands,2008,6,0.0,0
CAY,Cayman Islands,2012,7,0.0,0
CAY,Cayman Islands,2016,5,0.0,0
CAY,Cayman Islands,2020,8,0.0,0
CAY,Cayman Islands,2024,5,0.0,0
CGO,Congo (Brazzaville),1964,2,,0
CGO,Congo (Brazzaville),1972,8,0.0,0
CGO,Congo (Brazzaville),1980,25,0.0,0
CGO,Congo (Brazzaville),1984,13,0.0,0
CGO,Congo (Brazzaville),1988,10,0.0,0
CGO,Congo (Brazzaville),1992,10,0.0,0
CGO,Congo (Brazzaville),1996,5,0.0,0
CGO,Congo (Brazzaville),2000,5,0.0,0
CGO,Congo (Brazzaville),2004,5,0.0,0
CGO,Congo (Brazzaville),2008,5,0.0,0
CGO,Congo (Brazzaville),2012,7,0.0,0
CGO,Congo (Brazzaville),2016,10,0.0,0
CGO,Congo (Brazzaville),2020,3,0.0,0
CGO,Congo (Brazzaville),2024,4,0.0,0
CHA,Chad,1964,2,,0
CHA,Chad,1968,4,0.0,0
CHA,Chad,1972,5,0.0,0
CHA,Chad,1984,3,0.0,0
CHA,Chad,1988,6,0.0,0
CHA,Chad,1992,7,0.0,0
CHA,Chad,1996,4,0.0,0
CHA,Chad,2000,3,0.0,0
CHA,Chad,2004,1,0.0,0
CHA,Chad,2008,2,0.0,0
CHA,Chad,2012,2,0.0,0
CHA,Chad,2016,2,0.0,0
CHA,Chad,2020,3,0.0,0
CHA,Chad,2024,3,0.0,0
CHI,Chile,1964,16,0.0,0
CHI,Chile,1968,25,0.0,0
CHI,Chile,1972,13,0.0,0
CHI,Chile,1976,9,0.0,0
CHI,Chile,1984,64,0.0,0
CHI,Chile,1988,23,0.0,1
CHI,Chile,1992,15,1.0,0
CHI,Chile,1996,24,0.0,0
CHI,Chile,2000,58,0.0,17
CHI,Chile,2004,29,17.0,4
CHI,Chile,2008,29,4.0,1
CHI,Chile,2012,44,1.0,0
CHI,Chile,2016,47,0.0,0
CHI,Chile,2020,59,0.0,0
CHI,Chile,2024,52,0.0,2
CHN,China,1984,323,0.0,74
CHN,China,1988,427,74.0,52
CHN,China,1992,394,52.0,82
CHN,China,1996,438,82.0,106
CHN,China,2000,414,106.0,79
CHN,China,2004,518,79.0,94
CHN,China,2008,730,94.0,184
CHN,China,2012,479,184.0,125
CHN,China,2016,499,125.0,113
CHN,China,2020,522,113.0,135
CHN,China,2024,573,135.0,168
CIV,Cote d'Ivoire,1964,10,,0
CIV,Cote d'Ivoire,1968,11,0.0,0
CIV,Cote d'Ivoire,1972,13,0.0,0
CIV,Cote d'Ivoire,1976,11,0.0,0
CIV,Cote d'Ivoire,1984,18,0.0,1
CIV,Cote d'Ivoire,1988,29,1.0,0
CIV,Cote d'Ivoire,1992,18,0.0,0
CIV,Cote d'Ivoire,1996,13,0.0,0
CIV,Cote d'Ivoire,2000,18,0.0,0
CIV,Cote d'Ivoire,2004,5,0.0,0
CIV,Cote d'Ivoire,2008,22,0.0,0
CIV,Cote d'Ivoire,2012,10,0.0,0
CIV,Cote d'Ivoire,2016,15,0.0,2
CIV,Cote d'Ivoire,2020,32,2.0,1
CIV,Cote d'Ivoire,2024,18,1.0,1
CMR,Cameroon,1964,2,,0
CMR,Cameroon,1968,5,0.0,1
CMR,Cameroon,1972,18,1.0,0
CMR,Cameroon,1976,4,0.0,0
CMR,Cameroon,1980,29,0.0,0
CMR,Cameroon,1984,56,0.0,1
CMR,Cameroon,1988,21,1.0,0
CMR,Cameroon,1992,12,0.0,0
CMR,Cameroon,1996,19,0.0,0
CMR,Cameroon,2000,39,0.0,18
CMR,Cameroon,2004,19,18.0,1
CMR,Cameroon,2008,32,1.0,1
CMR,Cameroon,2012,32,1.0,0
CMR,Cameroon,2016,22,0.0,0
CMR,Cameroon,2020,11,0.0,0
CMR,Cameroon,2024,6,0.0,0
COD,Congo (Kinshasa),1968,8,,0
COD,Congo (Kinshasa),1984,9,0.0,0
COD,Congo (Kinshasa),1988,21,0.0,0
COD,Congo (Kinshasa),1992,19,0.0,0
COD,Congo (Kinshasa),1996,14,0.0,0
COD,Congo (Kinshasa),2000,3,0.0,0
COD,Congo (Kinshasa),2004,6,0.0,0
COD,Congo (Kinshasa),2008,5,0.0,0
COD,Congo (Kinshasa),2012,4,0.0,0
COD,Congo (Kinshasa),2016,4,0.0,0
COD,Congo (Kinshasa),2020,7,0.0,0
COD,Congo (Kinshasa),2024,6,0.0,0
COK,Cook Islands,1988,8,,0
COK,Cook Islands,1992,2,0.0,0
COK,Cook Islands,1996,3,0.0,0
COK,Cook Islands,2000,2,0.0,0
COK,Cook Islands,2004,3,0.0,0
COK,Cook Islands,2008,4,0.0,0
COK,Cook Islands,2012,9,0.0,0
COK,Cook Islands,2016,9,0.0,0
COK,Cook Islands,2020,9,0.0,0
COK,Cook Islands,2024,2,0.0,0
COL,Colombia,1964,40,0.0,0
COL,Colombia,1968,70,0.0,0
COL,Colombia,1972,75,0.0,3
COL,Colombia,1976,44,3.0,0
COL,Colombia,1980,28,0.0,0
COL,Colombia,1984,48,0.0,1
COL,Colombia,1988,57,1.0,1
COL,Colombia,1992,61,1.0,1
COL,Colombia,1996,62,1.0,0
COL,Colombia,2000,54,0.0,1
COL,Colombia,2004,71,1.0,2
COL,Colombia,2008,90,2.0,2
COL,Colombia,2012,120,2.0,8
COL,Colombia,2016,157,8.0,8
COL,Colombia,2020,73,8.0,5
COL,Colombia,2024,105,5.0,4
COM,Comoros,1996,4,,0
COM,Comoros,2000,2,0.0,0
COM,Comoros,2004,3,0.0,0
COM,Comoros,2008,3,0.0,0
COM,Comoros,2012,3,0.0,0
COM,Comoros,2016,4,0.0,0
COM,Comoros,2020,3,0.0,0
COM,Comoros,2024,5,0.0,0
CPV,Cape Verde,1996,3,,0
CPV,Cape Verde,2000,2,0.0,0
CPV,Cape Verde,2004,3,0.0,0
CPV,Cape Verde,2008,2,0.0,0
CPV,Cape Verde,2012,3,0.0,0
CPV,Cape Verde,2016,5,0.0,0
CPV,Cape Verde,2020,6,0.0,0
CPV,Cape Verde,2024,7,0.0,1
CRC,Costa Rica,1964,2,,0
CRC,Costa Rica,1968,27,0.0,0
CRC,Costa Rica,1972,4,0.0,0
CRC,Costa Rica,1976,10,0.0,0
CRC,Costa Rica,1980,37,0.0,0
CRC,Costa Rica,1984,32,0.0,0
CRC,Costa Rica,1988,33,0.0,1
CRC,Costa Rica,1992,20,1.0,0
CRC,Costa Rica,1996,13,0.0,1
CRC,Costa Rica,2000,9,1.0,2
CRC,Costa Rica,2004,21,2.0,0
CRC,Costa Rica,2008,8,0.0,0
CRC,Costa Rica,2012,11,0.0,0
CRC,Costa Rica,2016,12,0.0,0
CRC,Costa Rica,2020,13,0.0,0
CRC,Costa Rica,2024,6,0.0,0
CRO,Croatia,1992,46,,15
CRO,Croatia,1996,117,15.0,28
CRO,Croatia,2000,108,28.0,10
CRO,Croatia,2004,100,10.0,21
CRO,Croatia,2008,125,21.0,5
CRO,Croatia,2012,118,5.0,35
CRO,Croatia,2016,93,35.0,24
CRO,Croatia,2020,69,24.0,9
CRO,Croatia,2024,85,9.0,20
CUB,Cuba,1964,76,0.0,1
CUB,Cuba,1968,227,1.0,10
CUB,Cuba,1972,201,10.0,22
CUB,Cuba,1976,194,22.0,24
CUB,Cuba,1980,288,24.0,20
CUB,Cuba,1992,196,20.0,69
CUB,Cuba,1996,178,69.0,55
CUB,Cuba,2000,271,55.0,65
CUB,Cuba,2004,177,65.0,62
CUB,Cuba,2008,171,62.0,47
CUB,Cuba,2012,118,47.0,14
CUB,Cuba,2016,143,14.0,11
CUB,Cuba,2020,79,11.0,16
CUB,Cuba,2024,69,16.0,9
CYP,Cyprus,1980,15,,0
CYP,Cyprus,1984,12,0.0,0
CYP,Cyprus,1988,11,0.0,0
CYP,Cyprus,1992,19,0.0,0
CYP,Cyprus,1996,24,0.0,0
CYP,Cyprus,2000,24,0.0,0
CYP,Cyprus,2004,21,0.0,0
CYP,Cyprus,2008,18,0.0,0
CYP,Cyprus,2012,13,0.0,1
CYP,Cyprus,2016,21,1.0,0
CYP,Cyprus,2020,20,0.0,0
CYP,Cyprus,2024,23,0.0,1
CZE,Czech Republic,1996,169,,13
CZE,Czech Republic,2000,162,13.0,9
CZE,Czech Republic,2004,171,9.0,13
CZE,Czech Republic,2008,158,13.0,7
CZE,Czech Republic,2012,159,7.0,14
CZE,Czech Republic,2016,135,14.0,15
CZE,Czech Republic,2020,143,15.0,12
CZE,Czech Republic,2024,147,12.0,9
DEN,Denmark,1964,71,23.0,12
DEN,Denmark,1968,93,12.0,17
DEN,Denmark,1972,155,17.0,1
DEN,Denmark,1976,81,1.0,8
DEN,Denmark,1980,60,8.0,8
DEN,Denmark,1984,74,8.0,13
DEN,Denmark,1988,130,13.0,7
DEN,Denmark,1992,144,7.0,14
DEN,Denmark,1996,145,14.0,23
DEN,Denmark,2000,124,23.0,25
DEN,Denmark,2004,115,25.0,29
DEN,Digby,2008,108,29.0,19
DEN,Denmark,2012,149,19.0,16
DEN,Denmark,2016,143,16.0,41
DEN,Denmark,2020,127,41.0,31
DEN,Denmark,2024,157,31.0,41
DJI,Djibouti,1984,3,,0
DJI,Djibouti,1988,6,0.0,1
DJI,Djibouti,1992,8,1.0,0
DJI,Djibouti,1996,5,0.0,0
DJI,Djibouti,2000,2,0.0,0
DJI,Djibouti,2012,4,0.0,0
DJI,Djibouti,2016,8,0.0,0
DJI,Djibouti,2020,5,0.0,0
DJI,Djibouti,2024,7,0.0,0
DMA,Dominica,1996,6,,0
DMA,Dominica,2000,4,0.0,0
DMA,Dominica,2004,2,0.0,0
DMA,Dominica,2008,2,0.0,0
DMA,Dominica,2012,2,0.0,0
DMA,Dominica,2016,2,0.0,0
DMA,Dominica,2020,2,0.0,0
DMA,Dominica,2024,4,0.0,1
DOM,Dominican Republic,1964,1,,0
DOM,Dominican Republic,1968,24,0.0,0
DOM,Dominican Republic,1972,5,0.0,0
DOM,Dominican Republic,1976,11,0.0,0
DOM,Dominican Republic,1980,7,0.0,0
DOM,Dominican Republic,1984,24,0.0,1
DOM,Dominican Republic,1988,18,1.0,0
DOM,Dominican Republic,1992,32,0.0,0
DOM,Dominican Republic,1996,16,0.0,0
DOM,Dominican Republic,2000,13,0.0,0
DOM,Dominican Republic,2004,33,0.0,1
DOM,Dominican Republic,2008,27,1.0,2
DOM,Dominican Republic,2012,36,2.0,2
DOM,Dominican Republic,2016,30,2.0,1
DOM,Dominican Republic,2020,66,1.0,32
DOM,Dominican Republic,2024,64,32.0,3
ECU,Ecuador,1968,41,,0
ECU,Ecuador,1972,4,0.0,0
ECU,Ecuador,1976,8,0.0,0
ECU,Ecuador,1980,16,0.0,0
ECU,Ecuador,1984,15,0.0,0
ECU,Ecuador,1988,15,0.0,0
ECU,Ecuador,1992,15,0.0,0
ECU,Ecuador,1996,28,0.0,1
ECU,Ecuador,2000,11,1.0,0
ECU,Ecuador,2004,18,0.0,0
ECU,Ecuador,2008,26,0.0,1
ECU,Ecuador,2012,36,1.0,0
ECU,Ecuador,2016,40,0.0,0
ECU,Ecuador,2020,46,0.0,3
ECU,Ecuador,2024,47,3.0,6
EGY,Egypt,1964,83,5.0,0
EGY,Egypt,1968,35,0.0,0
EGY,Egypt,1972,26,0.0,0
EGY,Egypt,1976,26,0.0,0
EGY,Egypt,1984,148,0.0,1
EGY,Egypt,1988,59,1.0,0
EGY,Egypt,1992,83,0.0,0
EGY,Egypt,1996,33,0.0,0
EGY,Egypt,2000,103,0.0,0
EGY,Egypt,2004,104,0.0,5
EGY,Egypt,2008,116,5.0,1
EGY,Egypt,2012,132,1.0,2
EGY,Egypt,2016,137,2.0,3
EGY,Egypt,2020,168,3.0,4
EGY,Egypt,2024,200,4.0,3
ERI,Eritrea,2000,3,,0
ERI,Eritrea,2004,5,0.0,1
ERI,Eritrea,2008,11,1.0,0
ERI,Eritrea,2012,12,0.0,0
ERI,Eritrea,2016,12,0.0,0
ERI,Eritrea,2020,14,0.0,0
ERI,Eritrea,2024,13,0.0,0
ESA,El Salvador,1968,104,,0
ESA,El Salvador,1972,18,0.0,0
ESA,El Salvador,1984,15,0.0,0
ESA,El Salvador,1988,7,0.0,0
ESA,El Salvador,1992,6,0.0,0
ESA,El Salvador,1996,10,0.0,0
ESA,El Salvador,2000,10,0.0,0
ESA,El Salvador,2004,9,0.0,0
ESA,El Salvador,2008,14,0.0,0
ESA,El Salvador,2012,11,0.0,0
ESA,El Salvador,2016,10,0.0,0
ESA,El Salvador,2020,5,0.0,0
ESA,El Salvador,2024,9,0.0,0
ESP,Spain,1964,67,14.0,0
ESP,Spain,1968,137,0.0,0
ESP,Spain,1972,162,0.0,1
ESP,Spain,1976,160,1.0,6
ESP,Spain,1980,211,6.0,24
ESP,Spain,1984,257,24.0,19
ESP,Spain,1988,317,19.0,5
ESP,Spain,1992,537,5.0,69
ESP,Spain,1996,384,69.0,66
ESP,Spain,2000,431,66.0,42
ESP,Spain,2004,423,42.0,30
ESP,Spain,2008,355,30.0,70
ESP,Spain,2012,339,70.0,63
ESP,Spain,2016,363,63.0,45
ESP,Spain,2020,396,45.0,70
ESP,Spain,2024,520,70.0,83
EST,Estonia,1992,46,7.0,3
EST,Estonia,1996,52,3.0,0
EST,Estonia,2000,41,0.0,3
EST,Estonia,2004,45,3.0,3
EST,Estonia,2008,53,3.0,3
EST,Estonia,2012,36,3.0,2
EST,Estonia,2016,49,2.0,4
EST,Estonia,2020,41,4.0,5
EST,Estonia,2024,26,5.0,0
ETH,Ethiopia,1964,19,1.0,1
ETH,Ethiopia,1968,26,1.0,2
ETH,Ethiopia,1972,40,2.0,2
ETH,Ethiopia,1980,48,2.0,4
ETH,Ethiopia,1992,24,4.0,3
ETH,Ethiopia,1996,19,3.0,3
ETH,Ethiopia,2000,27,3.0,8
ETH,Ethiopia,2004,27,8.0,7
ETH,Ethiopia,2008,29,7.0,7
ETH,Ethiopia,2012,34,7.0,7
ETH,Ethiopia,2016,38,7.0,8
ETH,Ethiopia,2020,32,8.0,4
ETH,Ethiopia,2024,40,4.0,4
EUN,Unified Team,1992,650,,220
FIJ,Fiji,1972,4,0.0,0
FIJ,Fiji,1976,5,0.0,0
FIJ,Fiji,1984,26,0.0,0
FIJ,Fiji,1988,41,0.0,0
FIJ,Fiji,1992,36,0.0,0
FIJ,Fiji,1996,21,0.0,0
FIJ,Fiji,2000,9,0.0,0
FIJ,Fiji,2004,9,0.0,0
FIJ,Fiji,2008,6,0.0,0
FIJ,Fiji,2012,9,0.0,0
FIJ,Fiji,2016,53,0.0,13
FIJ,Fiji,2020,32,13.0,26
FIJ,Fiji,2024,36,26.0,14
FIN,Finland,1964,151,6.0,5
FIN,Finland,1968,126,5.0,4
FIN,Finland,1972,133,4.0,10
FIN,Finland,1976,108,10.0,6
FIN,Finland,1980,125,6.0,9
FIN,Finland,1984,107,9.0,12
FIN,Finland,1988,101,12.0,4
FIN,Finland,1992,130,4.0,7
FIN,Finland,1996,105,7.0,4
FIN,Finland,2000,88,4.0,5
FIN,Finland,2004,67,5.0,2
FIN,Finland,2008,70,2.0,5
FIN,Finland,2012,69,5.0,5
FIN,Finland,2016,67,5.0,1
FIN,Finland,2020,49,1.0,2
FIN,Finland,2024,62,2.0,0
FRA,France,1964,214,12.0,31
FRA,France,1968,311,31.0,27
FRA,France,1972,356,27.0,22
FRA,France,1976,302,22.0,20
FRA,France,1980,200,20.0,29
FRA,France,1984,354,29.0,67
FRA,France,1988,413,67.0,29
FRA,France,1992,486,29.0,57
FRA,France,1996,453,57.0,51
FRA,France,2000,470,51.0,66
FRA,France,2004,461,66.0,53
FRA,France,2008,448,53.0,77
FRA,France,2012,426,77.0,82
FRA,France,2016,512,82.0,96
FRA,France,2020,512,96.0,137
FRA,France,2024,782,137.0,184
FRG,West Germany,1968,432,,51
FRG,West Germany,1972,587,51.0,102
FRG,West Germany,1976,452,102.0,78
FRG,West Germany,1984,571,78.0,158
FRG,West Germany,1988,516,158.0,115
FSM,Federated States of Micronesia,2000,5,,0
FSM,Federated States of Micronesia,2004,5,0.0,0
FSM,Federated States of Micronesia,2008,5,0.0,0
FSM,Federated States of Micronesia,2012,6,0.0,0
FSM,Federated States of Micronesia,2016,5,0.0,0
FSM,Federated States of Micronesia,2020,3,0.0,0
FSM,Federated States of Micronesia,2024,3,0.0,0
GAB,Gabon,1972,1,,0
GAB,Gabon,1984,4,0.0,0
GAB,Gabon,1988,2,0.0,0
GAB,Gabon,1992,5,0.0,0
GAB,Gabon,1996,9,0.0,0
GAB,Gabon,2000,6,0.0,0
GAB,Gabon,2004,5,0.0,0
GAB,Gabon,2008,4,0.0,0
GAB,Gabon,2012,21,0.0,1
GAB,Gabon,2016,6,1.0,0
GAB,Gabon,2020,5,0.0,0
GAB,Gabon,2024,5,0.0,0
GAM,Gambia,1984,16,,0
GAM,Gambia,1988,6,0.0,0
GAM,Gambia,1992,8,0.0,0
GAM,Gambia,1996,12,0.0,0
GAM,Gambia,2000,2,0.0,0
GAM,Gambia,2004,3,0.0,0
GAM,Gambia,2008,3,0.0,0
GAM,Gambia,2012,2,0.0,0
GAM,Gambia,2020,5,0.0,0
GAM,Gambia,2024,8,0.0,0
GBR,Great Britain,1964,301,28.0,28
GBR,Great Britain,1968,328,28.0,19
GBR,Great Britain,1972,433,19.0,29
GBR,Great Britain,1976,353,29.0,32
GBR,Great Britain,1980,328,32.0,47
GBR,Great Britain,1984,509,47.0,71
GBR,Great Britain,1988,472,71.0,54
GBR,Great Britain,1992,512,54.0,50
GBR,Great Britain,1996,391,50.0,26
GBR,Great Britain,2000,415,26.0,54
GBR,Great Britain,2004,360,54.0,57
GBR,Great Britain,2008,420,57.0,81
GBR,Great Britain,2012,684,81.0,126
GBR,Great Britain,2016,478,126.0,145
GBR,Great Britain,2020,502,145.0,126
GBR,Great Britain,2024,522,126.0,149
GBS,Guinea Bissau,1996,3,,0
GBS,Guinea Bissau,2000,3,0.0,0
GBS,Guinea Bissau,2004,3,0.0,0
GBS,Guinea Bissau,2008,3,0.0,0
GBS,Guinea Bissau,2012,4,0.0,0
GBS,Guinea Bissau,2016,5,0.0,0
GBS,Guinea Bissau,2020,4,0.0,0
GBS,Guinea Bissau,2024,6,0.0,0
GDR,East Germany,1968,346,,52
GDR,East Germany,1972,454,52.0,151
GDR,East Germany,1976,407,151.0,195
GDR,East Germany,1980,495,195.0,264
GDR,East Germany,1988,402,264.0,181
GEO,Georgia,1996,42,,2
GEO,Georgia,2000,47,2.0,6
GEO,Georgia,2004,39,6.0,4
GEO,Georgia,2008,38,4.0,6
GEO,Georgia,2012,36,6.0,7
GEO,Georgia,2016,45,7.0,7
GEO,Georgia,2020,32,7.0,8
GEO,Georgia,2024,39,8.0,7
GEQ,Equatorial Guinea,1984,5,,0
GEQ,Equatorial Guinea,1988,7,0.0,0
GEQ,Equatorial Guinea,1992,8,0.0,0
GEQ,Equatorial Guinea,1996,8,0.0,0
GEQ,Equatorial Guinea,2000,4,0.0,0
GEQ,Equatorial Guinea,2004,2,0.0,0
GEQ,Equatorial Guinea,2008,3,0.0,0
GEQ,Equatorial Guinea,2012,2,0.0,0
GEQ,Equatorial Guinea,2016,1,0.0,0
GEQ,Equatorial Guinea,2020,3,0.0,0
GEQ,Equatorial Guinea,2024,3,0.0,0
GER,Germany,1964,478,89.0,116
GER,Germany,1992,653,116.0,198
GER,Germany,1996,626,198.0,124
GER,Germany,2000,567,124.0,118
GER,Germany,2004,592,118.0,149
GER,Germany,2008,558,149.0,99
GER,Germany,2012,510,99.0,94
GER,Germany,2016,536,94.0,159
GER,Germany,2020,557,159.0,77
GER,Germany,2024,634,77.0,111
GHA,Ghana,1964,40,1.0,1
GHA,Ghana,1968,36,1.0,0
GHA,Ghana,1972,41,0.0,1
GHA,Ghana,1984,27,1.0,0
GHA,Ghana,1988,21,0.0,0
GHA,Ghana,1992,41,0.0,20
GHA,Ghana,1996,40,20.0,0
GHA,Ghana,2000,28,0.0,0
GHA,Ghana,2004,29,0.0,0
GHA,Ghana,2008,9,0.0,0
GHA,Ghana,2012,7,0.0,0
GHA,Ghana,2016,15,0.0,0
GHA,Ghana,2020,16,0.0,1
GHA,Ghana,2024,11,1.0,0
GRE,Proteus II,1964,19,3.0,0
GRE,Greece,1968,44,0.0,1
GRE,Greece,1972,66,1.0,2
GRE,Greece,1976,40,2.0,0
GRE,Greece,1980,45,0.0,5
GRE,Greece,1984,73,5.0,2
GRE,Greece,1988,72,2.0,1
GRE,Greece,1992,76,1.0,2
GRE,Greece,1996,180,2.0,8
GRE,Greece,2000,175,8.0,18
GRE,Greece,2004,499,18.0,31
GRE,Greece,2008,176,31.0,7
GRE,Greece,2012,115,7.0,3
GRE,Greece,2016,104,3.0,7
GRE,Greece,2020,93,7.0,16
GRE,Greece,2024,124,16.0,10
GRN,Grenada,1984,6,,0
GRN,Grenada,1988,7,0.0,0
GRN,Grenada,1996,5,0.0,0
GRN,Grenada,2000,3,0.0,0
GRN,Grenada,2004,5,0.0,0
GRN,Grenada,2008,9,0.0,0
GRN,Grenada,2012,8,0.0,1
GRN,Grenada,2016,6,1.0,1
GRN,Grenada,2020,4,1.0,1
GRN,Grenada,2024,6,1.0,2
GUA,Guatemala,1968,67,0.0,0
GUA,Guatemala,1972,11,0.0,0
GUA,Guatemala,1976,28,0.0,0
GUA,Guatemala,1980,10,0.0,0
GUA,Guatemala,1984,53,0.0,0
GUA,Guatemala,1988,37,0.0,0
GUA,Guatemala,1992,41,0.0,0
GUA,Guatemala,1996,28,0.0,0
GUA,Guatemala,2000,18,0.0,0
GUA,Guatemala,2004,19,0.0,0
GUA,Guatemala,2008,13,0.0,0
GUA,Guatemala,2012,24,0.0,1
GUA,Guatemala,2016,25,1.0,0
GUA,Guatemala,2020,24,0.0,0
GUA,Guatemala,2024,16,0.0,2
GUI,Guinea,1968,15,,0
GUI,Guinea,1980,10,0.0,0
GUI,Guinea,1984,1,0.0,0
GUI,Guinea,1988,7,0.0,0
GUI,Guinea,1992,11,0.0,0
GUI,Guinea,1996,5,0.0,0
GUI,Guinea,2000,6,0.0,0
GUI,Guinea,2004,4,0.0,0
GUI,Guinea,2008,5,0.0,0
GUI,Guinea,2012,4,0.0,0
GUI,Guinea,2016,5,0.0,0
GUI,Guinea,2020,4,0.0,0
GUI,Guinea,2024,25,0.0,0
GUM,Guam,1988,26,,0
GUM,Guam,1992,45,0.0,0
GUM,Guam,1996,9,0.0,0
GUM,Guam,2000,7,0.0,0
GUM,Guam,2004,4,0.0,0
GUM,Guam,2008,7,0.0,0
GUM,Guam,2012,8,0.0,0
GUM,Guam,2016,5,0.0,0
GUM,Guam,2020,5,0.0,0
GUM,Guam,2024,9,0.0,0
GUY,Guyana,1968,6,0.0,0
GUY,Guyana,1972,4,0.0,0
GUY,Guyana,1980,10,0.0,1
GUY,Guyana,1984,12,1.0,0
GUY,Guyana,1988,8,0.0,0
GUY,Guyana,1992,7,0.0,0
GUY,Guyana,1996,9,0.0,0
GUY,Guyana,2000,4,0.0,0
GUY,Guyana,2004,4,0.0,0
GUY,Guyana,2008,4,0.0,0
GUY,Guyana,2012,6,0.0,0
GUY,Guyana,2016,7,0.0,0
GUY,Guyana,2020,6,0.0,0
GUY,Guyana,2024,5,0.0,0
HAI,Haiti,1972,7,0.0,0
HAI,Haiti,1976,14,0.0,0
HAI,Haiti,1984,3,0.0,0
HAI,Haiti,1988,5,0.0,0
HAI,Haiti,1992,8,0.0,0
HAI,Haiti,1996,7,0.0,0
HAI,Haiti,2000,5,0.0,0
HAI,Haiti,2004,8,0.0,0
HAI,Haiti,2008,7,0.0,0
HAI,Haiti,2012,5,0.0,0
HAI,Haiti,2016,10,0.0,0
HAI,Haiti,2020,6,0.0,0
HAI,Haiti,2024,12,0.0,0
HKG,Hong Kong,1964,50,0.0,0
HKG,Hong Kong,1968,25,0.0,0
HKG,Hong Kong,1972,18,0.0,0
HKG,Hong Kong,1976,50,0.0,0
HKG,Hong Kong,1984,87,0.0,0
HKG,Hong Kong,1988,91,0.0,0
HKG,Hong Kong,1992,66,0.0,0
HKG,Hong Kong,1996,32,0.0,1
HKG,Hong Kong,2000,46,1.0,0
HKG,Hong Kong,2004,42,0.0,2
HKG,Hong Kong,2008,47,2.0,0
HKG,Hong Kong,2012,55,0.0,1
HKG,Hong Kong,2016,47,1.0,0
HKG,Hong Kong,2020,59,0.0,8
HKG,Hong Kong,2024,47,8.0,4
HON,Honduras,1968,6,,0
HON,Honduras,1976,3,0.0,0
HON,Honduras,1984,26,0.0,0
HON,Honduras,1988,18,0.0,0
HON,Honduras,1992,27,0.0,0
HON,Honduras,1996,7,0.0,0
HON,Honduras,2000,20,0.0,0
HON,Honduras,2004,5,0.0,0
HON,Honduras,2008,26,0.0,0
HON,Honduras,2012,25,0.0,0
HON,Honduras,2016,23,0.0,0
HON,Honduras,2020,26,0.0,0
HON,Honduras,2024,4,0.0,0
HUN,Hungary,1964,319,66.0,56
HUN,Hungary,1968,303,56.0,81
HUN,Hungary,1972,367,81.0,81
HUN,Hungary,1976,288,81.0,55
HUN,Hungary,1980,392,55.0,61
HUN,Hungary,1988,315,61.0,44
HUN,Hungary,1992,351,44.0,45
HUN,Hungary,1996,315,45.0,43
HUN,Hungary,2000,238,43.0,53
HUN,Hungary,2004,258,53.0,40
HUN,Hungary,2008,216,40.0,27
HUN,Hungary,2012,201,27.0,26
HUN,Hungary,2016,204,26.0,22
HUN,Hungary,2020,214,22.0,48
HUN,Hungary,2024,257,48.0,31
INA,Indonesia,1968,6,0.0,0
INA,Indonesia,1972,7,0.0,0
INA,Indonesia,1976,11,0.0,0
INA,Indonesia,1984,23,0.0,0
INA,Indonesia,1988,43,0.0,3
INA,Indonesia,1992,51,3.0,6
INA,Indonesia,1996,45,6.0,6
INA,Indonesia,2000,54,6.0,8
INA,Indonesia,2004,39,8.0,5
INA,Indonesia,2008,26,5.0,7
INA,Indonesia,2012,22,7.0,2
INA,Indonesia,2016,31,2.0,4
INA,Indonesia,2020,31,4.0,5
INA,Indonesia,2024,36,5.0,3
IND,India,1964,111,13.0,15
IND,India,1968,27,15.0,16
IND,India,1972,43,16.0,14
IND,India,1976,26,14.0,0
IND,India,1980,78,0.0,16
IND,India,1984,53,16.0,0
IND,India,1988,55,0.0,0
IND,India,1992,61,0.0,0
IND,India,1996,54,0.0,1
IND,India,2000,70,1.0,1
IND,India,2004,81,1.0,1
IND,India,2008,67,1.0,3
IND,India,2012,95,3.0,6
IND,India,2016,130,6.0,2
IND,India,2020,135,2.0,23
IND,India,2024,136,23.0,22
IOA,Individual Olympic Athletes,1992,76,,3
IOA,Individual Olympic Athletes,2000,4,3.0,0
IOA,Individual Olympic Athletes,2012,4,0.0,0
IOA,Individual Olympic Athletes,2016,9,0.0,2
IRI,Iran,1964,96,4.0,2
IRI,Iran,1968,14,2.0,5
IRI,Iran,1972,56,5.0,3
IRI,Iran,1976,104,3.0,2
IRI,Iran,1988,26,2.0,1
IRI,Iran,1992,44,1.0,3
IRI,Iran,1996,18,3.0,3
IRI,Iran,2000,34,3.0,4
IRI,Iran,2004,37,4.0,6
IRI,Iran,2008,55,6.0,2
IRI,Iran,2012,57,2.0,12
IRI,Iran,2016,67,12.0,8
IRI,Iran,2020,74,8.0,6
IRI,Iran,2024,45,6.0,12
IRL,Ireland,1964,35,0.0,1
IRL,Ireland,1968,57,1.0,0
IRL,Ireland,1972,84,0.0,0
IRL,Ireland,1976,59,0.0,0
IRL,Ireland,1980,57,0.0,3
IRL,Ireland,1984,55,3.0,1
IRL,Ireland,1988,78,1.0,0
IRL,Ireland,1992,77,0.0,2
IRL,Ireland,1996,99,2.0,4
IRL,Ireland,2000,76,4.0,1
IRL,Ireland,2004,55,1.0,0
IRL,Ireland,2008,63,0.0,3
IRL,Ireland,2012,76,3.0,5
IRL,Ireland,2016,93,5.0,3
IRL,Ireland,2020,133,3.0,7
IRL,Ireland,2024,175,7.0,9
IRQ,Iraq,1964,19,1.0,0
IRQ,Iraq,1968,4,0.0,0
IRQ,Iraq,1980,44,0.0,0
IRQ,Iraq,1984,25,0.0,0
IRQ,Iraq,1988,28,0.0,0
IRQ,Iraq,1992,8,0.0,0
IRQ,Iraq,1996,3,0.0,0
IRQ,Iraq,2000,4,0.0,0
IRQ,Iraq,2004,24,0.0,0
IRQ,Iraq,2008,4,0.0,0
IRQ,Iraq,2012,8,0.0,0
IRQ,Iraq,2016,20,0.0,0
IRQ,Iraq,2020,2,0.0,0
IRQ,Iraq,2024,23,0.0,0
ISL,Iceland,1964,5,0.0,0
ISL,Iceland,1968,16,0.0,0
ISL,Iceland,1972,30,0.0,0
ISL,Iceland,1976,22,0.0,0
ISL,Iceland,1980,12,0.0,0
ISL,Iceland,1984,35,0.0,1
ISL,Iceland,1988,42,1.0,0
ISL,Iceland,1992,31,0.0,0
ISL,Iceland,1996,15,0.0,0
ISL,Iceland,2000,29,0.0,1
ISL,Iceland,2004,34,1.0,0
ISL,Iceland,2008,31,0.0,14
ISL,Iceland,2012,36,14.0,0
ISL,Iceland,2016,14,0.0,0
ISL,Iceland,2020,3,0.0,0
ISL,Iceland,2024,7,0.0,0
ISR,Israel,1964,13,0.0,0
ISR,Israel,1968,39,0.0,0
ISR,Israel,1972,17,0.0,0
ISR,Israel,1976,34,0.0,0
ISR,Israel,1984,65,0.0,0
ISR,Israel,1988,29,0.0,0
ISR,Israel,1992,44,0.0,2
ISR,Israel,1996,38,2.0,1
ISR,Israel,2000,58,1.0,1
ISR,Israel,2004,46,1.0,2
ISR,Israel,2008,60,2.0,1
ISR,Israel,2012,56,1.0,0
ISR,Israel,2016,59,0.0,2
ISR,Israel,2020,110,2.0,11
ISR,Israel,2024,139,11.0,11
ISV,United States Virgin Islands,1968,6,,0
ISV,United States Virgin Islands,1972,16,0.0,0
ISV,United States Virgin Islands,1976,26,0.0,0
ISV,United States Virgin Islands,1984,52,0.0,0
ISV,United States Virgin Islands,1988,46,0.0,1
ISV,United States Virgin Islands,1992,34,1.0,0
ISV,United States Virgin Islands,1996,14,0.0,0
ISV,United States Virgin Islands,2000,12,0.0,0
ISV,United States Virgin Islands,2004,9,0.0,0
ISV,United States Virgin Islands,2008,8,0.0,0
ISV,United States Virgin Islands,2012,9,0.0,0
ISV,United States Virgin Islands,2016,7,0.0,0
ISV,United States Virgin Islands,2020,4,0.0,0
ISV,United States Virgin Islands,2024,5,0.0,0
ITA,Italy,1964,256,88.0,51
ITA,Italy,1968,268,51.0,33
ITA,Italy,1972,345,33.0,25
ITA,Italy,1976,312,25.0,31
ITA,Italy,1980,203,31.0,37
ITA,Italy,1984,368,37.0,63
ITA,Italy,1988,374,63.0,29
ITA,Italy,1992,431,29.0,45
ITA,Italy,1996,460,45.0,71
ITA,Italy,2000,457,71.0,65
ITA,Italy,2004,474,65.0,104
ITA,Italy,2008,459,104.0,42
ITA,Italy,2012,382,42.0,68
ITA,Italy,2016,399,68.0,72
ITA,Italy,2020,477,72.0,64
ITA,Italy,2024,590,64.0,87
IVB,British Virgin Islands,1984,13,,0
IVB,British Virgin Islands,1988,4,0.0,0
IVB,British Virgin Islands,1992,4,0.0,0
IVB,British Virgin Islands,1996,11,0.0,0
IVB,British Virgin Islands,2000,1,0.0,0
IVB,British Virgin Islands,2004,1,0.0,0
IVB,British Virgin Islands,2008,2,0.0,0
IVB,British Virgin Islands,2012,2,0.0,0
IVB,British Virgin Islands,2016,4,0.0,0
IVB,British Virgin Islands,2020,2,0.0,0
IVB,British Virgin Islands,2024,4,0.0,0
JAM,Miss Nippon IV,1964,32,0.0,0
JAM,Jamaica,1968,35,0.0,1
JAM,Jamaica,1972,51,1.0,1
JAM,Jamaica,1976,36,1.0,2
JAM,Jamaica,1980,32,2.0,3
JAM,Jamaica,1984,75,3.0,7
JAM,Jamaica,1988,49,7.0,7
JAM,Jamaica,1992,51,7.0,4
JAM,Jamaica,1996,69,4.0,16
JAM,Jamaica,2000,65,16.0,23
JAM,Jamaica,2004,62,23.0,13
JAM,Jamaica,2008,66,13.0,14
JAM,Jamaica,2012,62,14.0,25
JAM,Jamaica,2016,77,25.0,30
JAM,Jamaica,2020,82,30.0,18
JAM,Jamaica,2024,86,18.0,6
JOR,Jordan,1980,6,,0
JOR,Jordan,1984,15,0.0,0
JOR,Jordan,1988,9,0.0,0
JOR,Jordan,1992,5,0.0,0
JOR,Jordan,1996,5,0.0,0
JOR,Jordan,2000,8,0.0,0
JOR,Jordan,2004,8,0.0,0
JOR,Jordan,2008,7,0.0,0
JOR,Jordan,2012,9,0.0,0
JOR,Jordan,2016,8,0.0,1
JOR,Jordan,2020,13,1.0,2
JOR,Jordan,2024,13,2.0,1
JPN,Japan,1964,456,31.0,62
JPN,Japan,1968,289,62.0,63
JPN,Japan,1972,293,63.0,56
JPN,Japan,1976,328,56.0,41
JPN,Japan,1984,365,41.0,49
JPN,Japan,1988,412,49.0,20
JPN,Japan,1992,392,20.0,47
JPN,Japan-1,1996,448,47.0,42
JPN,Japan,2000,363,42.0,44
JPN,Japan-1,2004,414,44.0,93
JPN,Japan,2008,457,93.0,51
JPN,Japan,2012,399,51.0,84
JPN,Japan,2016,436,84.0,64
JPN,Japan,2020,741,64.0,124
JPN,Japan,2024,592,124.0,82
KAZ,Kazakhstan,1996,142,,11
KAZ,Kazakhstan,2000,158,11.0,7
KAZ,Kazakhstan,2004,130,7.0,8
KAZ,Kazakhstan,2008,146,8.0,13
KAZ,Kazakhstan,2012,132,13.0,13
KAZ,Kazakhstan,2016,123,13.0,18
KAZ,Kazakhstan,2020,110,18.0,8
KAZ,Kazakhstan,2024,121,8.0,8
KEN,Kenya,1964,41,0.0,1
KEN,Kenya,1968,50,1.0,12
KEN,Kenya,1972,69,12.0,12
KEN,Kenya,1984,67,12.0,3
KEN,Kenya,1988,88,3.0,9
KEN,Kenya,1992,55,9.0,8
KEN,Kenya,1996,54,8.0,8
KEN,Kenya,2000,59,8.0,7
KEN,Kenya,2004,46,7.0,7
KEN,Kenya,2008,47,7.0,15
KEN,Kenya,2012,51,15.0,11
KEN,Kenya,2016,80,11.0,13
KEN,Kenya,2020,86,13.0,10
KEN,Kenya,2024,84,10.0,11
KGZ,Kyrgyzstan,1996,53,,0
KGZ,Kyrgyzstan,2000,71,0.0,1
KGZ,Kyrgyzstan,2004,32,1.0,0
KGZ,Kyrgyzstan,2008,22,0.0,2
KGZ,Kyrgyzstan,2012,15,2.0,0
KGZ,Kyrgyzstan,2016,19,0.0,0
KGZ,Kyrgyzstan,2020,17,0.0,3
KGZ,Kyrgyzstan,2024,17,3.0,6
KIR,Kiribati,2004,3,,0
KIR,Kiribati,2008,2,0.0,0
KIR,Kiribati,2012,3,0.0,0
KIR,Kiribati,2016,3,0.0,0
KIR,Kiribati,2020,2,0.0,0
KIR,Kiribati,2024,3,0.0,0
KOR,South Korea,1964,240,0.0,3
KOR,South Korea,1968,66,3.0,2
KOR,South Korea,1972,43,2.0,1
KOR,South Korea,1976,51,1.0,17
KOR,South Korea,1984,240,17.0,41
KOR,South Korea,1988,551,41.0,77
KOR,South Korea,1992,322,77.0,49
KOR,South Korea,1996,417,49.0,66
KOR,South Korea,2000,359,66.0,73
KOR,South Korea,2004,344,73.0,52
KOR,South Korea,2008,329,52.0,78
KOR,South Korea,2012,312,78.0,61
KOR,South Korea,2016,263,61.0,26
KOR,South Korea,2020,314,26.0,38
KOR,South Korea,2024,242,38.0,58
KOS,Kosovo,2016,8,,1
KOS,Kosovo,2020,9,1.0,2
KOS,Kosovo,2024,9,2.0,2
KSA,Saudi Arabia,1972,14,,0
KSA,Saudi Arabia,1976,19,0.0,0
KSA,Saudi Arabia,1984,42,0.0,0
KSA,Saudi Arabia,1988,13,0.0,0
KSA,Saudi Arabia,1992,17,0.0,0
KSA,Saudi Arabia,1996,34,0.0,0
KSA,Saudi Arabia,2000,23,0.0,2
KSA,Saudi Arabia,2004,16,2.0,0
KSA,Saudi Arabia,2008,18,0.0,0
KSA,Saudi Arabia,2012,23,0.0,4
KSA,Saudi Arabia,2016,11,4.0,0
KSA,Saudi Arabia,2020,27,0.0,1
KSA,Saudi Arabia,2024,12,1.0,0
KUW,Kuwait,1972,4,,0
KUW,Kuwait,1976,21,0.0,0
KUW,Kuwait,1980,67,0.0,0
KUW,Kuwait,1984,31,0.0,0
KUW,Kuwait,1988,34,0.0,0
KUW,Kuwait,1992,37,0.0,0
KUW,Kuwait,1996,27,0.0,0
KUW,Kuwait,2000,30,0.0,1
KUW,Kuwait,2004,11,1.0,0
KUW,Kuwait,2008,8,0.0,0
KUW,Kuwait,2012,12,0.0,1
KUW,Kuwait,2020,10,1.0,1
KUW,Kuwait,2024,9,1.0,0
LAO,Laos,1980,19,,0
LAO,Laos,1988,3,0.0,0
LAO,Laos,1992,7,0.0,0
LAO,Laos,1996,5,0.0,0
LAO,Laos,2000,3,0.0,0
LAO,Laos,2004,5,0.0,0
LAO,Laos,2008,4,0.0,0
LAO,Laos,2012,3,0.0,0
LAO,Laos,2016,5,0.0,0
LAO,Laos,2020,4,0.0,0
LAO,Laos,2024,4,0.0,0
LAT,Latvia,1992,40,2.0,3
LAT,Latvia,1996,55,3.0,1
LAT,Latvia,2000,60,1.0,3
LAT,Latvia,2004,45,3.0,4
LAT,Latvia,2008,53,4.0,3
LAT,Latvia,2012,50,3.0,3
LAT,Latvia,2016,33,3.0,0
LAT,Latvia,2020,30,0.0,4
LAT,Latvia,2024,32,4.0,0
LBA,Libya,1988,7,,0
LBA,Libya,1992,5,0.0,0
LBA,Libya,1996,5,0.0,0
LBA,Libya,2000,3,0.0,0
LBA,Libya,2004,8,0.0,0
LBA,Libya,2008,6,0.0,0
LBA,Libya,2012,4,0.0,0
LBA,Libya,2016,7,0.0,0
LBA,Libya,2020,4,0.0,0
LBA,Libya,2024,6,0.0,0
LBR,Liberia,1964,2,0.0,0
LBR,Liberia,1972,5,0.0,0
LBR,Liberia,1984,10,0.0,0
LBR,Liberia,1988,11,0.0,0
LBR,Liberia,1996,7,0.0,0
LBR,Liberia,2000,10,0.0,0
LBR,Liberia,2004,2,0.0,0
LBR,Liberia,2008,4,0.0,0
LBR,Liberia,2012,3,0.0,0
LBR,Liberia,2020,4,0.0,0
LBR,Liberia,2024,11,0.0,0
LCA,Saint Lucia,1996,8,,0
LCA,Saint Lucia,2000,5,0.0,0
LCA,Saint Lucia,2004,2,0.0,0
LCA,Saint Lucia,2008,4,0.0,0
LCA,Saint Lucia,2012,4,0.0,0
LCA,Saint Lucia,2016,5,0.0,0
LCA,Saint Lucia,2020,4,0.0,0
LCA,Saint Lucia,2024,5,0.0,2
LES,Lesotho,1972,2,,0
LES,Lesotho,1980,7,0.0,0
LES,Lesotho,1984,5,0.0,0
LES,Lesotho,1988,6,0.0,0
LES,Lesotho,1992,8,0.0,0
LES,Lesotho,1996,11,0.0,0
LES,Lesotho,2000,6,0.0,0
LES,Lesotho,2004,3,0.0,0
LES,Lesotho,2008,5,0.0,0
LES,Lesotho,2012,4,0.0,0
LES,Lesotho,2016,9,0.0,0
LES,Lesotho,2020,2,0.0,0
LES,Lesotho,2024,3,0.0,0
LIB,Lebanon,1964,8,0.0,0
LIB,Lebanon,1968,15,0.0,0
LIB,Lebanon,1972,36,0.0,1
LIB,Lebanon,1976,4,1.0,0
LIB,Lebanon,1980,19,0.0,1
LIB,Lebanon,1984,30,1.0,0
LIB,Lebanon,1988,31,0.0,0
LIB,Lebanon,1992,18,0.0,0
LIB,Lebanon,2000,6,0.0,0
LIB,Lebanon,2004,5,0.0,0
LIB,Lebanon,2008,6,0.0,0
LIB,Lebanon,2012,10,0.0,0
LIB,Lebanon,2016,9,0.0,0
LIB,Lebanon,2020,5,0.0,0
LIB,Lebanon,2024,12,0.0,0
LIE,Liechtenstein,1964,3,0.0,0
LIE,Liechtenstein,1968,3,0.0,0
LIE,Liechtenstein,1972,12,0.0,0
LIE,Liechtenstein,1976,9,0.0,0
LIE,Liechtenstein,1984,8,0.0,0
LIE,Liechtenstein,1988,16,0.0,0
LIE,Liechtenstein,1992,8,0.0,0
LIE,Liechtenstein,1996,2,0.0,0
LIE,Liechtenstein,2000,2,0.0,0
LIE,Liechtenstein,2004,1,0.0,0
LIE,Liechtenstein,2008,2,0.0,0
LIE,Liechtenstein,2012,4,0.0,0
LIE,Liechtenstein,2016,3,0.0,0
LIE,Liechtenstein,2020,8,0.0,0
LIE,Liechtenstein,2024,1,0.0,0
LTU,Lithuania,1992,54,,13
LTU,Lithuania,1996,81,13.0,11
LTU,Lithuania,2000,77,11.0,17
LTU,Lithuania,2004,70,17.0,3
LTU,Lithuania,2008,78,3.0,5
LTU,Lithuania,2012,72,5.0,5
LTU,Lithuania,2016,80,5.0,7
LTU,Lithuania,2020,55,7.0,1
LTU,Lithuania,2024,63,1.0,7
LUX,Luxembourg,1964,27,0.0,0
LUX,Luxembourg,1968,7,0.0,0
LUX,Luxembourg,1972,15,0.0,0
LUX,Luxembourg,1976,9,0.0,0
LUX,Luxembourg,1980,4,0.0,0
LUX,Luxembourg,1984,5,0.0,0
LUX,Luxembourg,1988,11,0.0,0
LUX,Luxembourg,1992,8,0.0,0
LUX,Luxembourg,1996,7,0.0,0
LUX,Luxembourg,2000,9,0.0,0
LUX,Luxembourg,2004,14,0.0,0
LUX,Luxembourg,2008,19,0.0,0
LUX,Luxembourg,2012,11,0.0,0
LUX,Luxembourg,2016,15,0.0,0
LUX,Luxembourg,2020,14,0.0,0
LUX,Luxembourg,2024,13,0.0,0
MAD,Madagascar,1964,4,,0
MAD,Madagascar,1968,6,0.0,0
MAD,Madagascar,1972,13,0.0,0
MAD,Madagascar,1980,18,0.0,0
MAD,Madagascar,1984,5,0.0,0
MAD,Madagascar,1992,17,0.0,0
MAD,Madagascar,1996,14,0.0,0
MAD,Madagascar,2000,13,0.0,0
MAD,Madagascar,2004,8,0.0,0
MAD,Madagascar,2008,6,0.0,0
MAD,Madagascar,2012,7,0.0,0
MAD,Madagascar,2016,6,0.0,0
MAD,Madagascar,2020,6,0.0,0
MAD,Madagascar,2024,7,0.0,0
MAR,Morocco,1964,21,1.0,0
MAR,Morocco,1968,25,0.0,0
MAR,Morocco,1972,39,0.0,0
MAR,Morocco,1976,9,0.0,0
MAR,Morocco,1984,35,0.0,2
MAR,Morocco,1988,29,2.0,3
MAR,Morocco,1992,45,3.0,3
MAR,Morocco,1996,38,3.0,2
MAR,Morocco,2000,55,2.0,5
MAR,Morocco,2004,57,5.0,3
MAR,Morocco,2008,49,3.0,2
MAR,Morocco,2012,67,2.0,1
MAR,Morocco,2016,52,1.0,1
MAR,Morocco,2020,47,1.0,1
MAR,Morocco,2024,62,1.0,20
MAS,Malaysia,1964,81,,0
MAS,Malaysia,1968,35,0.0,0
MAS,Malaysia,1972,57,0.0,0
MAS,Malaysia,1976,25,0.0,0
MAS,Malaysia,1984,27,0.0,0
MAS,Malaysia,1988,17,0.0,0
MAS,Malaysia,1992,30,0.0,2
MAS,Malaysia-1,1996,43,2.0,3
MAS,Malaysia,2000,55,3.0,0
MAS,Malaysia,2004,38,0.0,0
MAS,Malaysia,2008,42,0.0,1
MAS,Malaysia,2012,38,1.0,2
MAS,Malaysia,2016,42,2.0,8
MAS,Malaysia,2020,38,8.0,3
MAS,Malaysia,2024,32,3.0,3
MAW,Malawi,1972,18,,0
MAW,Malawi,1984,23,0.0,0
MAW,Malawi,1988,22,0.0,0
MAW,Malawi,1992,4,0.0,0
MAW,Malawi,1996,2,0.0,0
MAW,Malawi,2000,2,0.0,0
MAW,Malawi,2004,4,0.0,0
MAW,Malawi,2008,4,0.0,0
MAW,Malawi,2012,3,0.0,0
MAW,Malawi,2016,5,0.0,0
MAW,Malawi,2020,5,0.0,0
MAW,Malawi,2024,3,0.0,0
MDA,Moldova,1996,50,,3
MDA,Moldova,2000,35,3.0,2
MDA,Moldova,2004,33,2.0,0
MDA,Moldova,2008,30,0.0,1
MDA,Moldova,2012,20,1.0,2
MDA,Moldova,2016,23,2.0,0
MDA,Moldova,2020,23,0.0,1
MDA,Moldova,2024,30,1.0,4
MDV,Maldives,1988,9,,0
MDV,Maldives,1992,10,0.0,0
MDV,Maldives,1996,9,0.0,0
MDV,Maldives,2000,4,0.0,0
MDV,Maldives,2004,4,0.0,0
MDV,Maldives,2008,4,0.0,0
MDV,Maldives,2012,5,0.0,0
MDV,Maldives,2016,4,0.0,0
MDV,Maldives,2020,2,0.0,0
MDV,Maldives,2024,5,0.0,0
MEX,Mexico,1964,128,1.0,1
MEX,Mexico,1968,446,1.0,9
MEX,Mexico,1972,281,9.0,1
MEX,Mexico,1976,137,1.0,2
MEX,Mexico,1980,74,2.0,10
MEX,Mexico,1984,155,10.0,6
MEX,Mexico,1988,144,6.0,2
MEX,Mexico,1992,140,2.0,1
MEX,Mexico,1996,111,1.0,1
MEX,Mexico,2000,98,1.0,6
MEX,Mexico,2004,137,6.0,4
MEX,Mexico,2008,103,4.0,4
MEX,Mexico,2012,119,4.0,24
MEX,Mexico,2016,139,24.0,5
MEX,Mexico,2020,179,5.0,24
MEX,Mexico,2024,156,24.0,8
MGL,Mongolia,1964,40,,0
MGL,Mongolia,1968,38,0.0,4
MGL,Mongolia,1972,44,4.0,1
MGL,Mongolia,1976,33,1.0,1
MGL,Mongolia,1980,57,1.0,4
MGL,Mongolia,1988,32,4.0,1
MGL,Mongolia,1992,38,1.0,2
MGL,Mongolia,1996,18,2.0,1
MGL,Mongolia,2000,23,1.0,0
MGL,Mongolia,2004,21,0.0,1
MGL,Mongolia,2008,31,1.0,4
MGL,Mongolia,2012,32,4.0,5
MGL,Mongolia,2016,46,5.0,2
MGL,Mongolia,2020,59,2.0,4
MGL,Mongolia,2024,48,4.0,1
MHL,Marshall Islands,2008,5,,0
MHL,Marshall Islands,2012,4,0.0,0
MHL,Marshall Islands,2016,5,0.0,0
MHL,Marshall Islands,2020,2,0.0,0
MHL,Marshall Islands,2024,4,0.0,0
MKD,Macedonia,1996,16,,0
MKD,Macedonia,2000,15,0.0,1
MKD,Macedonia,2004,14,1.0,0
MKD,Macedonia,2008,7,0.0,0
MKD,Macedonia,2012,4,0.0,0
MKD,Macedonia,2016,6,0.0,0
MKD,Macedonia,2020,8,0.0,1
MKD,Macedonia,2024,6,1.0,0
MLI,Mali,1964,2,,0
MLI,Mali,1968,2,0.0,0
MLI,Mali,1972,3,0.0,0
MLI,Mali,1980,7,0.0,0
MLI,Mali,1984,5,0.0,0
MLI,Mali,1988,8,0.0,0
MLI,Mali,1992,6,0.0,0
MLI,Mali,1996,4,0.0,0
MLI,Mali,2000,5,0.0,0
MLI,Mali,2004,21,0.0,0
MLI,Mali,2008,17,0.0,0
MLI,Mali,2012,6,0.0,0
MLI,Mali,2016,6,0.0,0
MLI,Mali,2020,4,0.0,0
MLI,Mali,2024,24,0.0,0
MLT,Malta,1968,1,0.0,0
MLT,Malta,1972,5,0.0,0
MLT,Malta,1980,12,0.0,0
MLT,Malta,1984,7,0.0,0
MLT,Malta,1988,6,0.0,0
MLT,Malta,1992,8,0.0,0
MLT,Malta,1996,10,0.0,0
MLT,Malta,2000,7,0.0,0
MLT,Malta,2004,7,0.0,0
MLT,Malta,2008,6,0.0,0
MLT,Malta,2012,5,0.0,0
MLT,Malta,2016,8,0.0,0
MLT,Malta,2020,8,0.0,0
MLT,Malta,2024,5,0.0,0
MNE,Montenegro,2008,20,,0
MNE,Montenegro,2012,34,0.0,14
MNE,Montenegro,2016,35,14.0,0
MNE,Montenegro,2020,35,0.0,0
MNE,Montenegro,2024,19,0.0,0
MON,Monaco,1964,1,0.0,0
MON,Monaco,1968,2,0.0,0
MON,Monaco,1972,5,0.0,0
MON,Monaco,1976,10,0.0,0
MON,Monaco,1984,8,0.0,0
MON,Monaco,1988,9,0.0,0
MON,Monaco,1992,4,0.0,0
MON,Monaco,1996,4,0.0,0
MON,Monaco,2000,4,0.0,0
MON,Monaco,2004,3,0.0,0
MON,Monaco,2008,5,0.0,0
MON,Monaco,2012,6,0.0,0
MON,Monaco,2016,8,0.0,0
MON,Monaco,2020,4,0.0,0
MON,Monaco,2024,6,0.0,0
MOZ,Mozambique,1980,16,,0
MOZ,Mozambique,1984,14,0.0,0
MOZ,Mozambique,1988,12,0.0,0
MOZ,Mozambique,1992,7,0.0,0
MOZ,Mozambique,1996,3,0.0,1
MOZ,Mozambique,2000,4,1.0,1
MOZ,Mozambique,2004,4,1.0,0
MOZ,Mozambique,2008,4,0.0,0
MOZ,Mozambique,2012,6,0.0,0
MOZ,Mozambique,2016,8,0.0,0
MOZ,Mozambique,2020,10,0.0,0
MOZ,Mozambique,2024,7,0.0,0
MRI,Mauritius,1984,7,,0
MRI,Mauritius,1988,11,0.0,0
MRI,Mauritius,1992,22,0.0,0
MRI,Mauritius,1996,36,0.0,0
MRI,Mauritius,2000,26,0.0,0
MRI,Mauritius,2004,9,0.0,0
MRI,Mauritius,2008,11,0.0,1
MRI,Mauritius,2012,11,1.0,0
MRI,Mauritius,2016,11,0.0,0
MRI,Mauritius,2020,8,0.0,0
MRI,Mauritius,2024,14,0.0,0
MTN,Mauritania,1984,2,,0
MTN,Mauritania,1988,7,0.0,0
MTN,Mauritania,1992,6,0.0,0
MTN,Mauritania,1996,4,0.0,0
MTN,Mauritania,2000,2,0.0,0
MTN,Mauritania,2004,2,0.0,0
MTN,Mauritania,2008,2,0.0,0
MTN,Mauritania,2012,2,0.0,0
MTN,Mauritania,2016,2,0.0,0
MTN,Mauritania,2020,2,0.0,0
MTN,Mauritania,2024,2,0.0,0
MYA,Myanmar,1964,12,0.0,0
MYA,Myanmar,1968,4,0.0,0
MYA,Myanmar,1972,19,0.0,0
MYA,Myanmar,1980,2,0.0,0
MYA,Myanmar,1984,1,0.0,0
MYA,Myanmar,1988,3,0.0,0
MYA,Myanmar,1992,5,0.0,0
MYA,Myanmar,1996,3,0.0,0
MYA,Myanmar,2000,7,0.0,0
MYA,Myanmar,2004,2,0.0,0
MYA,Myanmar,2008,7,0.0,0
MYA,Myanmar,2012,6,0.0,0
MYA,Myanmar,2016,8,0.0,0
MYA,Myanmar,2020,2,0.0,0
MYA,Myanmar,2024,2,0.0,0
NAM,Namibia,1992,10,,2
NAM,Namibia,1996,10,2.0,2
NAM,Namibia,2000,16,2.0,0
NAM,Namibia,2004,10,0.0,0
NAM,Namibia,2008,11,0.0,0
NAM,Namibia,2012,9,0.0,0
NAM,Namibia,2016,11,0.0,0
NAM,Namibia,2020,10,0.0,1
NAM,Namibia,2024,4,1.0,0
NCA,Nicaragua,1968,16,,0
NCA,Nicaragua,1972,10,0.0,0
NCA,Nicaragua,1976,25,0.0,0
NCA,Nicaragua,1980,6,0.0,0
NCA,Nicaragua,1984,5,0.0,0
NCA,Nicaragua,1992,9,0.0,0
NCA,Nicaragua,1996,28,0.0,0
NCA,Nicaragua,2000,6,0.0,0
NCA,Nicaragua,2004,6,0.0,0
NCA,Nicaragua,2008,7,0.0,0
NCA,Nicaragua,2012,6,0.0,0
NCA,Nicaragua,2016,5,0.0,0
NCA,Nicaragua,2020,8,0.0,0
NCA,Nicaragua,2024,7,0.0,0
NED,Netherlands,1964,158,3.0,31
NED,Netherlands,1968,140,31.0,14
NED,Netherlands,1972,199,14.0,6
NED,Netherlands,1976,175,6.0,14
NED,Netherlands,1980,112,14.0,6
NED,Netherlands,1984,185,6.0,41
NED,Netherlands,1988,202,41.0,45
NED,Netherlands,1992,257,45.0,33
NED,Netherlands,1996,290,33.0,73
NED,Netherlands,2000,285,73.0,79
NED,Netherlands,2004,264,79.0,77
NED,Netherlands,2008,283,77.0,61
NED,Netherlands,2012,222,61.0,69
NED,Netherlands,2016,329,69.0,47
NED,Netherlands,2020,371,47.0,68
NED,Netherlands,2024,427,68.0,115
NEP,Nepal,1964,6,,0
NEP,Nepal,1976,1,0.0,0
NEP,Nepal,1980,10,0.0,0
NEP,Nepal,1984,10,0.0,0
NEP,Nepal,1988,20,0.0,0
NEP,Nepal,1992,2,0.0,0
NEP,Nepal,1996,6,0.0,0
NEP,Nepal,2000,5,0.0,0
NEP,Nepal,2004,6,0.0,0
NEP,Nepal,2008,8,0.0,0
NEP,Nepal,2012,5,0.0,0
NEP,Nepal,2016,7,0.0,0
NEP,Nepal,2020,4,0.0,0
NEP,Nepal,2024,7,0.0,0
NGR,Nigeria,1964,19,0.0,1
NGR,Nigeria,1968,46,1.0,0
NGR,Nigeria,1972,36,0.0,1
NGR,Nigeria,1980,56,1.0,0
NGR,Nigeria,1984,36,0.0,5
NGR,Nigeria,1988,86,5.0,0
NGR,Nigeria,1992,72,0.0,11
NGR,Nigeria,1996,84,11.0,24
NGR,Nigeria,2000,100,24.0,8
NGR,Nigeria,2004,79,8.0,8
NGR,Nigeria,2008,89,8.0,23
NGR,Nigeria,2012,58,23.0,0
NGR,Nigeria,2016,77,0.0,18
NGR,Nigeria,2020,67,18.0,2
NGR,Nigeria,2024,100,2.0,0
NIG,Niger,1984,4,,0
NIG,Niger,2004,4,0.0,0
NIG,Niger,2012,6,0.0,0
NIG,Niger,2016,6,0.0,1
NIG,Niger,2020,7,1.0,0
NIG,Niger,2024,7,0.0,0
NOR,Norway,1964,43,2.0,0
NOR,Norway,1968,86,0.0,6
NOR,Norway,1972,161,6.0,8
NOR,Norway,1976,79,8.0,6
NOR,Norway,1984,132,6.0,4
NOR,Norway,1988,79,4.0,22
NOR,Norway,1992,114,22.0,23
NOR,Norway,1996,116,23.0,23
NOR,Norway,2000,115,23.0,43
NOR,Norway,2004,60,43.0,7
NOR,Norway,2008,102,7.0,22
NOR,Norway,2012,69,22.0,17
NOR,Norway,2016,77,17.0,19
NOR,Norway,2020,101,19.0,22
NOR,Norway,2024,128,22.0,23
NRU,Nauru,1996,3,,0
NRU,Nauru,2000,2,0.0,0
NRU,Nauru,2004,3,0.0,0
NRU,Nauru,2008,1,0.0,0
NRU,Nauru,2012,2,0.0,0
NRU,Nauru,2016,2,0.0,0
NRU,Nauru,2020,2,0.0,0
NRU,Nauru,2024,1,0.0,0
NZL,New Zealand,1964,88,3.0,6
NZL,New Zealand,1968,65,6.0,7
NZL,New Zealand,1972,112,7.0,14
NZL,New Zealand,1976,98,14.0,25
NZL,New Zealand,1980,7,25.0,0
NZL,New Zealand,1984,162,0.0,23
NZL,New Zealand,1988,112,23.0,24
NZL,New Zealand,1992,175,24.0,15
NZL,New Zealand,1996,129,15.0,9
NZL,New Zealand,2000,177,9.0,4
NZL,New Zealand,2004,184,4.0,6
NZL,New Zealand,2008,201,6.0,15
NZL,New Zealand,2012,204,15.0,27
NZL,New Zealand,2016,232,27.0,36
NZL,New Zealand,2020,250,36.0,63
NZL,New Zealand,2024,253,63.0,49
OMA,Oman,1984,22,,0
OMA,Oman,1988,13,0.0,0
OMA,Oman,1992,5,0.0,0
OMA,Oman,1996,5,0.0,0
OMA,Oman,2000,8,0.0,0
OMA,Oman,2004,2,0.0,0
OMA,Oman,2008,4,0.0,0
OMA,Oman,2012,3,0.0,0
OMA,Oman,2016,4,0.0,0
OMA,Oman,2020,5,0.0,0
OMA,Oman,2024,4,0.0,0
PAK,Pakistan,1964,47,14.0,16
PAK,Pakistan,1968,15,16.0,13
PAK,Pakistan,1972,26,13.0,15
PAK,Pakistan,1976,24,15.0,16
PAK,Pakistan,1984,33,16.0,16
PAK,Pakistan,1988,33,16.0,1
PAK,Pakistan,1992,28,1.0,16
PAK,Pakistan,1996,24,16.0,0
PAK,Pakistan,2000,27,0.0,0
PAK,Pakistan,2004,26,0.0,0
PAK,Pakistan,2008,22,0.0,0
PAK,Pakistan,2012,21,0.0,0
PAK,Pakistan,2016,7,0.0,0
PAK,Pakistan,2020,10,0.0,0
PAK,Pakistan,2024,10,0.0,1
PAN,Panama,1964,15,0.0,0
PAN,Panama,1968,16,0.0,0
PAN,Panama,1972,8,0.0,0
PAN,Panama,1976,13,0.0,0
PAN,Panama,1984,10,0.0,0
PAN,Panama,1988,9,0.0,0
PAN,Panama,1992,7,0.0,0
PAN,Panama,1996,9,0.0,0
PAN,Panama,2000,7,0.0,0
PAN,Panama,2004,5,0.0,0
PAN,Panama,2008,5,0.0,1
PAN,Panama,2012,8,1.0,0
PAN,Panama,2016,14,0.0,0
PAN,Panama,2020,11,0.0,0
PAN,Panama,2024,13,0.0,1
PAR,Paraguay,1972,3,,0
PAR,Paraguay,1976,6,0.0,0
PAR,Paraguay,1984,18,0.0,0
PAR,Paraguay,1988,13,0.0,0
PAR,Paraguay,1992,31,0.0,0
PAR,Paraguay,1996,7,0.0,0
PAR,Paraguay,2000,5,0.0,0
PAR,Paraguay,2004,22,0.0,17
PAR,Paraguay,2008,7,17.0,0
PAR,Paraguay,2012,10,0.0,0
PAR,Paraguay,2016,11,0.0,0
PAR,Paraguay,2020,8,0.0,0
PAR,Paraguay,2024,29,0.0,0
PER,Peru,1964,40,0.0,0
PER,Peru,1968,33,0.0,0
PER,Peru,1972,31,0.0,0
PER,Peru,1976,14,0.0,0
PER,Peru,1980,38,0.0,0
PER,Peru,1984,44,0.0,1
PER,Peru,1988,26,1.0,12
PER,Peru,1992,21,12.0,1
PER,Peru,1996,33,1.0,0
PER,Peru,2000,22,0.0,0
PER,Peru,2004,14,0.0,0
PER,Peru,2008,13,0.0,0
PER,Peru,2012,16,0.0,0
PER,Peru,2016,34,0.0,0
PER,Peru,2020,38,0.0,0
PER,Peru,2024,30,0.0,1
PHI,Kalayaan,1964,70,0.0,1
PHI,Philippines,1968,89,1.0,0
PHI,Philippines,1972,79,0.0,0
PHI,Philippines,1976,22,0.0,0
PHI,Philippines,1984,32,0.0,0
PHI,Philippines,1988,42,0.0,1
PHI,Philippines,1992,38,1.0,1
PHI,Philippines,1996,18,1.0,1
PHI,Philippines,2000,22,1.0,0
PHI,Philippines,2004,21,0.0,0
PHI,Philippines,2008,17,0.0,0
PHI,Philippines,2012,11,0.0,0
PHI,Philippines,2016,13,0.0,1
PHI,Philippines,2020,26,1.0,4
PHI,Philippines,2024,44,4.0,4
PLE,Palestine,1996,1,,0
PLE,Palestine,2000,2,0.0,0
PLE,Palestine,2004,3,0.0,0
PLE,Palestine,2008,4,0.0,0
PLE,Palestine,2012,5,0.0,0
PLE,Palestine,2016,6,0.0,0
PLE,Palestine,2020,5,0.0,0
PLE,Palestine,2024,8,0.0,0
PLW,Palau,2000,5,,0
PLW,Palau,2004,4,0.0,0
PLW,Palau,2008,5,0.0,0
PLW,Palau,2012,5,0.0,0
PLW,Palau,2016,6,0.0,0
PLW,Palau,2020,3,0.0,0
PLW,Palau,2024,3,0.0,0
PNG,Papua New Guinea,1976,9,,0
PNG,Papua New Guinea,1984,12,0.0,0
PNG,Papua New Guinea,1988,15,0.0,0
PNG,Papua New Guinea,1992,19,0.0,0
PNG,Papua New Guinea,1996,17,0.0,0
PNG,Papua New Guinea,2000,5,0.0,0
PNG,Papua New Guinea,2004,6,0.0,0
PNG,Papua New Guinea,2008,9,0.0,0
PNG,Papua New Guinea,2012,8,0.0,0
PNG,Papua New Guinea,2016,8,0.0,0
PNG,Papua New Guinea,2020,7,0.0,0
PNG,Papua New Guinea,2024,7,0.0,0
POL,Poland,1964,240,30.0,46
POL,Poland,1968,296,46.0,37
POL,Poland,1972,418,37.0,46
POL,Poland,1976,286,46.0,73
POL,Poland,1980,418,73.0,50
POL,Poland,1988,192,50.0,21
POL,Poland,1992,263,21.0,46
POL,Poland,1996,207,46.0,22
POL,Poland,2000,240,22.0,24
POL,Poland,2004,224,24.0,12
POL,Poland,2008,316,12.0,20
POL,Poland,2012,256,20.0,12
POL,Poland,2016,289,12.0,16
POL,Poland,2020,247,16.0,32
POL,Poland,2024,300,32.0,28
POR,Portugal,1964,25,2.0,0
POR,Portugal,1968,33,0.0,0
POR,Portugal,1972,41,0.0,0
POR,Portugal,1976,36,0.0,2
POR,Portugal,1980,18,2.0,0
POR,Portugal,1984,48,0.0,3
POR,Portugal,1988,91,3.0,1
POR,Portugal,1992,115,1.0,0
POR,Portugal,1996,131,0.0,3
POR,Portugal,2000,64,3.0,2
POR,Portugal,2004,93,2.0,3
POR,Portugal,2008,87,3.0,2
POR,Portugal,2012,98,2.0,2
POR,Portugal,2016,106,2.0,1
POR,Portugal,2020,106,1.0,3
POR,Portugal,2024,94,3.0,5
PRK,North Korea,1972,83,,15
PRK,North Korea,1976,40,15.0,2
PRK,North Korea,1980,121,2.0,5
PRK,North Korea,1992,123,5.0,10
PRK,North Korea-1,1996,36,10.0,5
PRK,North Korea,2000,47,5.0,4
PRK,North Korea,2004,71,4.0,5
PRK,North Korea,2008,66,5.0,6
PRK,North Korea,2012,57,6.0,6
PRK,North Korea,2016,38,6.0,7
PRK,North Korea,2024,18,7.0,8
PUR,Puerto Rico,1964,45,0.0,0
PUR,Puerto Rico,1968,99,0.0,0
PUR,Puerto Rico,1972,60,0.0,0
PUR,Puerto Rico,1976,112,0.0,1
PUR,Puerto Rico,1980,3,1.0,0
PUR,Puerto Rico,1984,58,0.0,2
PUR,Puerto Rico,1988,56,2.0,0
PUR,Puerto Rico,1992,101,0.0,1
PUR,Puerto Rico,1996,91,1.0,1
PUR,Puerto Rico,2000,38,1.0,0
PUR,Puerto Rico,2004,52,0.0,0
PUR,Puerto Rico,2008,31,0.0,0
PUR,Puerto Rico,2012,28,0.0,2
PUR,Puerto Rico,2016,41,2.0,1
PUR,Puerto Rico,2020,36,1.0,1
PUR,Puerto Rico,2024,53,1.0,2
QAT,Qatar,1984,26,,0
QAT,Qatar,1988,13,0.0,0
QAT,Qatar,1992,30,0.0,1
QAT,Qatar,1996,13,1.0,0
QAT,Qatar,2000,19,0.0,1
QAT,Qatar,2004,15,1.0,0
QAT,Qatar,2008,20,0.0,0
QAT,Qatar,2012,14,0.0,2
QAT,Qatar,2016,42,2.0,1
QAT,Qatar,2020,17,1.0,4
QAT,Qatar,2024,14,4.0,1
ROT,Refugee Olympic Athletes,2016,12,,0
ROT,Refugee Olympic Athletes,2020,35,0.0,0
ROT,Refugee Olympic Athletes,2024,44,0.0,1
ROU,Romania,1964,232,15.0,16
ROU,Romania,1968,100,16.0,23
ROU,Romania,1972,258,23.0,40
ROU,Romania,1976,255,40.0,55
ROU,Romania,1980,339,55.0,68
ROU,Romania,1984,193,68.0,106
ROU,Romania,1988,172,106.0,58
ROU,Romania,1992,306,58.0,53
ROU,Romania,1996,284,53.0,38
ROU,Romania,2000,252,38.0,46
ROU,Romania,2004,193,46.0,39
ROU,Romania,2008,172,39.0,22
ROU,Romania,2012,155,22.0,16
ROU,Romania,2016,121,16.0,16
ROU,Romania,2020,109,16.0,8
ROU,Romania,2024,144,8.0,21
RSA,South Africa,1992,141,3.0,3
RSA,South Africa,1996,111,3.0,5
RSA,South Africa,2000,161,5.0,5
RSA,South Africa,2004,128,5.0,10
RSA,South Africa,2008,179,10.0,1
RSA,South Africa,2012,145,1.0,9
RSA,South Africa,2016,155,9.0,23
RSA,South Africa,2020,195,23.0,3
RSA,South Africa,2024,163,3.0,21
RUS,Russia,1996,552,14.0,115
RUS,Russia,2000,602,115.0,187
RUS,Russia,2004,593,187.0,189
RUS,Russia-2,2008,600,189.0,142
RUS,Russia,2012,549,142.0,140
RUS,Russia,2016,406,140.0,115
RUS,Russia,2020,515,115.0,139
RWA,Rwanda,1984,6,,0
RWA,Rwanda,1988,8,0.0,0
RWA,Rwanda,1992,10,0.0,0
RWA,Rwanda,1996,4,0.0,0
RWA,Rwanda,2000,5,0.0,0
RWA,Rwanda,2004,5,0.0,0
RWA,Rwanda,2008,4,0.0,0
RWA,Rwanda,2012,7,0.0,0
RWA,Rwanda,2016,7,0.0,0
RWA,Rwanda,2020,5,0.0,0
RWA,Rwanda,2024,10,0.0,0
SAM,Samoa,1984,9,,0
SAM,Samoa,1988,11,0.0,0
SAM,Samoa,1992,5,0.0,0
SAM,Samoa,1996,5,0.0,0
SAM,Samoa,2004,3,0.0,0
SAM,Samoa,2008,7,0.0,0
SAM,Samoa,2012,9,0.0,0
SAM,Samoa,2016,9,0.0,0
SAM,Samoa,2020,13,0.0,0
SAM,Samoa,2024,24,0.0,0
SCG,Serbia and Montenegro,1996,79,,26
SCG,Serbia and Montenegro,2000,125,26.0,25
SCG,Serbia and Montenegro,2004,96,25.0,13
SEN,Senegal,1964,14,,0
SEN,Senegal,1968,24,0.0,0
SEN,Senegal,1972,40,0.0,0
SEN,Senegal,1976,33,0.0,0
SEN,Senegal,1980,39,0.0,0
SEN,Senegal,1984,29,0.0,0
SEN,Senegal,1988,35,0.0,1
SEN,Senegal,1992,25,1.0,0
SEN,Senegal,1996,12,0.0,0
SEN,Senegal,2000,32,0.0,0
SEN,Senegal,2004,21,0.0,0
SEN,Senegal,2008,17,0.0,0
SEN,Senegal,2012,32,0.0,0
SEN,Senegal,2016,22,0.0,0
SEN,Senegal,2020,9,0.0,0
SEN,Senegal,2024,13,0.0,0
SEY,Seychelles,1980,21,,0
SEY,Seychelles,1984,15,0.0,0
SEY,Seychelles,1992,21,0.0,0
SEY,Seychelles,1996,9,0.0,0
SEY,Seychelles,2000,9,0.0,0
SEY,Seychelles,2004,10,0.0,0
SEY,Seychelles,2008,10,0.0,0
SEY,Seychelles,2012,6,0.0,0
SEY,Seychelles,2016,10,0.0,0
SEY,Seychelles,2020,6,0.0,0
SEY,Seychelles,2024,3,0.0,0
SGP,Singapore,1968,6,1.0,0
SGP,Singapore,1972,12,0.0,0
SGP,Singapore,1976,4,0.0,0
SGP,Singapore,1984,14,0.0,0
SGP,Singapore,1988,27,0.0,0
SGP,Singapore,1992,37,0.0,0
SGP,Singapore,1996,35,0.0,0
SGP,Singapore,2000,23,0.0,0
SGP,Singapore-1,2004,22,0.0,0
SGP,Singapore,2008,36,0.0,3
SGP,Singapore,2012,36,3.0,4
SGP,Singapore,2016,32,4.0,1
SGP,Singapore,2020,27,1.0,0
SGP,Singapore,2024,28,0.0,1
SKN,Saint Kitts and Nevis,1996,14,,0
SKN,Saint Kitts and Nevis,2000,4,0.0,0
SKN,Saint Kitts and Nevis,2004,2,0.0,0
SKN,Saint Kitts and Nevis,2008,6,0.0,0
SKN,Saint Kitts and Nevis,2012,7,0.0,0
SKN,Saint Kitts and Nevis,2016,9,0.0,0
SKN,Saint Kitts and Nevis,2020,2,0.0,0
SKN,Saint Kitts and Nevis,2024,3,0.0,0
SLE,Sierra Leone,1968,4,,0
SLE,Sierra Leone,1980,32,0.0,0
SLE,Sierra Leone,1984,10,0.0,0
SLE,Sierra Leone,1988,20,0.0,0
SLE,Sierra Leone,1992,15,0.0,0
SLE,Sierra Leone,1996,19,0.0,0
SLE,Sierra Leone,2004,2,0.0,0
SLE,Sierra Leone,2008,3,0.0,0
SLE,Sierra Leone,2012,2,0.0,0
SLE,Sierra Leone,2016,4,0.0,0
SLE,Sierra Leone,2020,3,0.0,0
SLE,Sierra Leone,2024,4,0.0,0
SLO,Slovenia,1992,47,,6
SLO,Slovenia,1996,47,6.0,2
SLO,Slovenia,2000,90,2.0,3
SLO,Slovenia,2004,102,3.0,5
SLO,Slovenia,2008,73,5.0,5
SLO,Slovenia,2012,78,5.0,5
SLO,Slovenia,2016,70,5.0,4
SLO,Slovenia,2020,61,4.0,5
SLO,Slovenia,2024,116,5.0,3
SMR,San Marino,1968,4,0.0,0
SMR,San Marino,1972,7,0.0,0
SMR,San Marino,1976,10,0.0,0
SMR,San Marino,1980,16,0.0,0
SMR,San Marino,1984,31,0.0,0
SMR,San Marino,1988,15,0.0,0
SMR,San Marino,1992,20,0.0,0
SMR,San Marino,1996,7,0.0,0
SMR,San Marino,2000,4,0.0,0
SMR,San Marino,2004,5,0.0,0
SMR,San Marino,2008,4,0.0,0
SMR,San Marino,2012,4,0.0,0
SMR,San Marino,2016,4,0.0,0
SMR,San Marino,2020,5,0.0,4
SMR,San Marino,2024,5,4.0,0
SOL,Solomon Islands,1984,3,,0
SOL,Solomon Islands,1988,5,0.0,0
SOL,Solomon Islands,2000,2,0.0,0
SOL,Solomon Islands,2004,2,0.0,0
SOL,Solomon Islands,2008,3,0.0,0
SOL,Solomon Islands,2012,4,0.0,0
SOL,Solomon Islands,2016,3,0.0,0
SOL,Solomon Islands,2020,3,0.0,0
SOL,Solomon Islands,2024,2,0.0,0
SOM,Somalia,1972,4,,0
SOM,Somalia,1984,9,0.0,0
SOM,Somalia,1988,5,0.0,0
SOM,Somalia,1996,4,0.0,0
SOM,Somalia,2000,2,0.0,0
SOM,Somalia,2004,2,0.0,0
SOM,Somalia,2008,2,0.0,0
SOM,Somalia,2020,2,0.0,0
SOM,Somalia,2024,1,0.0,0
SRB,Serbia,2008,97,0.0,15
SRB,Serbia,2012,134,15.0,16
SRB,Serbia,2016,127,16.0,54
SRB,Serbia,2020,103,54.0,34
SRB,Serbia,2024,136,34.0,29
SRI,Sri Lanka,1964,7,0.0,0
SRI,Sri Lanka,1968,3,0.0,0
SRI,Sri Lanka,1972,6,0.0,0
SRI,Sri Lanka,1980,4,0.0,0
SRI,Sri Lanka,1984,6,0.0,0
SRI,Sri Lanka,1988,9,0.0,0
SRI,Sri Lanka,1992,16,0.0,0
SRI,Sri Lanka,1996,11,0.0,0
SRI,Sri Lanka,2000,24,0.0,1
SRI,Sri Lanka,2004,8,1.0,0
SRI,Sri Lanka,2008,9,0.0,0
SRI,Sri Lanka,2012,8,0.0,0
SRI,Sri Lanka,2016,10,0.0,0
SRI,Sri Lanka,2020,8,0.0,0
SRI,Sri Lanka,2024,6,0.0,0
SSD,South Sudan,2016,3,,0
SSD,South Sudan,2020,2,0.0,0
SSD,South Sudan,2024,14,0.0,0
STP,Sao Tome and Principe,1996,2,,0
STP,Sao Tome and Principe,2000,2,0.0,0
STP,Sao Tome and Principe,2004,2,0.0,0
STP,Sao Tome and Principe,2008,4,0.0,0
STP,Sao Tome and Principe,2012,2,0.0,0
STP,Sao Tome and Principe,2016,3,0.0,0
STP,Sao Tome and Principe,2020,5,0.0,0
STP,Sao Tome and Principe,2024,3,0.0,0
SUD,Sudan,1968,7,0.0,0
SUD,Sudan,1972,31,0.0,0
SUD,Sudan,1984,9,0.0,0
SUD,Sudan,1988,8,0.0,0
SUD,Sudan,1992,7,0.0,0
SUD,Sudan,1996,4,0.0,0
SUD,Sudan,2000,3,0.0,0
SUD,Sudan,2004,4,0.0,0
SUD,Sudan,2008,9,0.0,1
SUD,Sudan,2012,6,1.0,0
SUD,Sudan,2016,6,0.0,0
SUD,Sudan,2020,4,0.0,0
SUD,Sudan,2024,4,0.0,0
SUI,Switzerland,1964,129,12.0,6
SUI,Switzerland,1968,155,6.0,13
SUI,Switzerland,1972,265,13.0,8
SUI,Switzerland,1976,101,8.0,10
SUI,Switzerland,1980,86,10.0,2
SUI,Switzerland,1984,245,2.0,13
SUI,Switzerland,1988,151,13.0,8
SUI,Switzerland,1992,171,8.0,1
SUI,Switzerland,1996,172,1.0,11
SUI,Switzerland,2000,138,11.0,14
SUI,Switzerland,2004,138,14.0,7
SUI,Switzerland,2008,116,7.0,11
SUI,Switzerland,2012,126,11.0,4
SUI,Switzerland-1,2016,152,4.0,11
SUI,Switzerland-1,2020,169,11.0,14
SUI,Switzerland-1,2024,205,14.0,10
SUR,Suriname,1968,1,,0
SUR,Suriname,1972,3,0.0,0
SUR,Suriname,1976,4,0.0,0
SUR,Suriname,1984,7,0.0,0
SUR,Suriname,1988,10,0.0,1
SUR,Suriname,1992,9,1.0,1
SUR,Suriname,1996,11,1.0,0
SUR,Suriname,2000,5,0.0,0
SUR,Suriname,2004,4,0.0,0
SUR,Suriname,2008,4,0.0,0
SUR,Suriname,2012,5,0.0,0
SUR,Suriname,2016,6,0.0,0
SUR,Suriname,2020,4,0.0,0
SUR,Suriname,2024,6,0.0,0
SVK,Slovakia,1996,98,,3
SVK,Slovakia,2000,132,3.0,6
SVK,Slovakia,2004,84,6.0,10
SVK,Slovakia,2008,67,10.0,10
SVK,Slovakia,2012,65,10.0,5
SVK,Slovakia,2016,63,5.0,8
SVK,Slovakia,2020,53,8.0,7
SVK,Slovakia,2024,38,7.0,1
SWE,Sweden,1964,175,7.0,15
SWE,Sweden,1968,186,15.0,9
SWE,Sweden,1972,186,9.0,22
SWE,Sweden,1976,163,22.0,10
SWE,Sweden,1980,201,10.0,20
SWE,Sweden,1984,254,20.0,34
SWE,Sweden,1988,251,34.0,16
SWE,Sweden,1992,252,16.0,35
SWE,Sweden,1996,233,35.0,31
SWE,Sweden,2000,198,31.0,32
SWE,Sweden,2004,157,32.0,12
SWE,Sweden,2008,169,12.0,7
SWE,Sweden,2012,168,7.0,22
SWE,Sweden,2016,186,22.0,28
SWE,Sweden,2020,162,28.0,32
SWE,Sweden,2024,167,32.0,16
SWZ,Swaziland,1972,4,,0
SWZ,Swaziland,1984,11,0.0,0
SWZ,Swaziland,1988,15,0.0,0
SWZ,Swaziland,1992,10,0.0,0
SWZ,Swaziland,1996,6,0.0,0
SWZ,Swaziland,2000,6,0.0,0
SWZ,Swaziland,2004,3,0.0,0
SWZ,Swaziland,2008,4,0.0,0
SWZ,Swaziland,2012,3,0.0,0
SWZ,Swaziland,2016,2,0.0,0
SWZ,Swaziland,2020,3,0.0,0
SWZ,Swaziland,2024,3,0.0,0
SYR,Syria,1972,5,,0
SYR,Syria,1980,71,0.0,0
SYR,Syria,1984,9,0.0,1
SYR,Syria,1988,13,1.0,0
SYR,Syria,1992,9,0.0,0
SYR,Syria,1996,8,0.0,1
SYR,Syria,2000,8,1.0,0
SYR,Syria,2004,6,0.0,1
SYR,Syria,2008,7,1.0,0
SYR,Syria,2012,10,0.0,0
SYR,Syria,2016,7,0.0,0
SYR,Syria,2020,6,0.0,1
SYR,Syria,2024,10,1.0,0
TAN,Tanzania,1964,4,,0
TAN,Tanzania,1968,5,0.0,0
TAN,Tanzania,1972,22,0.0,0
TAN,Tanzania,1980,48,0.0,2
TAN,Tanzania,1984,21,2.0,0
TAN,Tanzania,1988,10,0.0,0
TAN,Tanzania,1992,9,0.0,0
TAN,Tanzania,1996,7,0.0,0
TAN,Tanzania,2000,4,0.0,0
TAN,Tanzania,2004,9,0.0,0
TAN,Tanzania,2008,9,0.0,0
TAN,Tanzania,2012,6,0.0,0
TAN,Tanzania,2016,7,0.0,0
TAN,Tanzania,2020,3,0.0,0
TAN,Tanzania,2024,7,0.0,0
TCH,Czechoslovakia,1964,187,22.0,54
TCH,Czechoslovakia,1968,203,54.0,29
TCH,Czechoslovakia,1972,274,29.0,29
TCH,Czechoslovakia,1976,251,29.0,15
TCH,Czechoslovakia,1980,317,15.0,51
TCH,Czechoslovakia,1988,226,51.0,10
TCH,Czechoslovakia,1992,269,10.0,8
TGA,Tonga,1988,7,,0
TGA,Tonga,1992,5,0.0,0
TGA,Tonga,1996,5,0.0,1
TGA,Tonga,2000,3,1.0,0
TGA,Tonga,2004,5,0.0,0
TGA,Tonga,2008,3,0.0,0
TGA,Tonga,2012,3,0.0,0
TGA,Tonga,2016,7,0.0,0
TGA,Tonga,2020,6,0.0,0
TGA,Tonga,2024,4,0.0,0
THA,Thailand,1964,67,0.0,0
THA,Thailand,1968,46,0.0,0
THA,Thailand,1972,37,0.0,0
THA,Thailand,1976,62,0.0,1
THA,Thailand,1984,40,1.0,1
THA,Thailand,1988,15,1.0,1
THA,Thailand,1992,64,1.0,1
THA,Thailand,1996,58,1.0,2
THA,Thailand,2000,68,2.0,3
THA,Thailand,2004,51,3.0,8
THA,Thailand,2008,53,8.0,4
THA,Thailand,2012,43,4.0,3
THA,Thailand,2016,58,3.0,6
THA,Thailand,2020,47,6.0,2
THA,Thailand,2024,58,2.0,6
TJK,Tajikistan,1996,8,,0
TJK,Tajikistan,2000,4,0.0,0
TJK,Tajikistan,2004,9,0.0,0
TJK,Tajikistan,2008,16,0.0,2
TJK,Tajikistan,2012,16,2.0,1
TJK,Tajikistan,2016,7,1.0,1
TJK,Tajikistan,2020,9,1.0,0
TJK,Tajikistan,2024,14,0.0,3
TKM,Turkmenistan,1996,7,,0
TKM,Turkmenistan,2000,8,0.0,0
TKM,Turkmenistan,2004,10,0.0,0
TKM,Turkmenistan,2008,10,0.0,0
TKM,Turkmenistan,2012,10,0.0,0
TKM,Turkmenistan,2016,9,0.0,0
TKM,Turkmenistan,2020,10,0.0,1
TKM,Turkmenistan,2024,6,1.0,0
TLS,Timor Leste,2004,2,,0
TLS,Timor Leste,2008,1,0.0,0
TLS,Timor Leste,2012,2,0.0,0
TLS,Timor Leste,2016,3,0.0,0
TLS,Timor Leste,2020,3,0.0,0
TLS,Timor Leste,2024,4,0.0,0
TOG,Togo,1972,7,,0
TOG,Togo,1984,6,0.0,0
TOG,Togo,1988,6,0.0,0
TOG,Togo,1992,9,0.0,0
TOG,Togo,1996,7,0.0,0
TOG,Togo,2000,3,0.0,0
TOG,Togo,2004,3,0.0,0
TOG,Togo,2008,4,0.0,1
TOG,Togo,2012,6,1.0,0
TOG,Togo,2016,5,0.0,0
TOG,Togo,2020,4,0.0,0
TOG,Togo,2024,5,0.0,0
TPE,Chinese Taipei,1964,96,1.0,0
TPE,Chinese Taipei,1968,93,0.0,1
TPE,Chinese Taipei,1972,44,1.0,0
TPE,Chinese Taipei,1984,52,0.0,1
TPE,Chinese Taipei,1988,123,1.0,0
TPE,Chinese Taipei,1992,38,0.0,20
TPE,Chinese Taipei,1996,107,20.0,1
TPE,Chinese Taipei-1,2000,75,1.0,5
TPE,Chinese Taipei,2004,104,5.0,9
TPE,Chinese Taipei,2008,92,9.0,4
TPE,Chinese Taipei,2012,55,4.0,2
TPE,Chinese Taipei,2016,67,2.0,5
TPE,Chinese Taipei,2020,96,5.0,12
TPE,Chinese Taipei,2024,78,12.0,8
TTO,Trinidad and Tobago,1964,18,0.0,6
TTO,Trinidad and Tobago,1968,25,6.0,0
TTO,Trinidad and Tobago,1972,36,0.0,0
TTO,Trinidad and Tobago,1976,20,0.0,1
TTO,Trinidad and Tobago,1980,15,1.0,0
TTO,Trinidad and Tobago,1984,23,0.0,0
TTO,Trinidad and Tobago,1988,10,0.0,0
TTO,Trinidad and Tobago,1992,13,0.0,0
TTO,Trinidad and Tobago,1996,16,0.0,2
TTO,Trinidad and Tobago,2000,29,2.0,2
TTO,Trinidad and Tobago,2004,26,2.0,1
TTO,Trinidad and Tobago,2008,35,1.0,6
TTO,Trinidad and Tobago,2012,38,6.0,10
TTO,Trinidad and Tobago,2016,43,10.0,1
TTO,Trinidad and Tobago,2020,40,1.0,0
TTO,Trinidad and Tobago,2024,24,0.0,0
TUN,Tunisia,1964,12,0.0,2
TUN,Tunisia,1968,8,2.0,2
TUN,Tunisia,1972,37,2.0,1
TUN,Tunisia,1976,16,1.0,0
TUN,Tunisia,1984,28,0.0,0
TUN,Tunisia,1988,45,0.0,0
TUN,Tunisia,1992,15,0.0,0
TUN,Tunisia,1996,52,0.0,1
TUN,Tunisia,2000,47,1.0,0
TUN,Tunisia,2004,64,0.0,0
TUN,Tunisia,2008,29,0.0,1
TUN,Tunisia,2012,87,1.0,3
TUN,Tunisia,2016,65,3.0,3
TUN,Tunisia,2020,64,3.0,0
TUN,Tunisia,2024,31,0.0,3
TUR,Turkey,1964,25,9.0,6
TUR,Turkey,1968,30,6.0,2
TUR,Turkey,1972,50,2.0,1
TUR,Turkey,1976,28,1.0,0
TUR,Turkey,1984,62,0.0,3
TUR,Turkey,1988,51,3.0,2
TUR,Turkey,1992,54,2.0,6
TUR,Turkey,1996,61,6.0,6
TUR,Turkey,2000,67,6.0,5
TUR,Turkey,2004,74,5.0,11
TUR,Turkey,2008,71,11.0,7
TUR,Turkey,2012,119,7.0,5
TUR,Turkey,2016,119,5.0,8
TUR,Turkey,2020,129,8.0,13
TUR,Turkey,2024,165,13.0,11
TUV,Tuvalu,2008,3,,0
TUV,Tuvalu,2012,3,0.0,0
TUV,Tuvalu,2016,1,0.0,0
TUV,Tuvalu,2020,2,0.0,0
TUV,Tuvalu,2024,2,0.0,0
UAE,United Arab Emirates,1988,36,,0
UAE,United Arab Emirates,1992,36,0.0,0
UAE,United Arab Emirates,1996,4,0.0,0
UAE,United Arab Emirates,2000,5,0.0,0
UAE,United Arab Emirates,2004,5,0.0,1
UAE,United Arab Emirates,2008,9,1.0,0
UAE,United Arab Emirates,2012,26,0.0,0
UAE,United Arab Emirates,2016,12,0.0,1
UAE,United Arab Emirates,2020,5,1.0,0
UAE,United Arab Emirates,2024,17,0.0,0
UGA,Uganda,1964,19,0.0,0
UGA,Uganda,1968,14,0.0,2
UGA,Uganda,1972,35,2.0,2
UGA,Uganda,1980,16,2.0,1
UGA,Uganda,1984,30,1.0,0
UGA,Uganda,1988,30,0.0,0
UGA,Uganda,1992,9,0.0,0
UGA,Uganda,1996,12,0.0,1
UGA,Uganda,2000,13,1.0,0
UGA,Uganda,2004,11,0.0,0
UGA,Uganda,2008,11,0.0,0
UGA,Uganda,2012,16,0.0,1
UGA,Uganda,2016,23,1.0,0
UGA,Uganda,2020,26,0.0,4
UGA,Uganda,2024,28,4.0,2
UKR,Ukraine,1996,351,,34
UKR,Ukraine,2000,368,34.0,35
UKR,Ukraine,2004,357,35.0,47
UKR,Ukraine,2008,327,47.0,31
UKR,Ukraine,2012,304,31.0,26
UKR,Ukraine,2016,272,26.0,15
UKR,Ukraine,2020,201,15.0,26
UKR,Ukraine,2024,210,26.0,16
URS,Soviet Union,1964,463,169.0,174
URS,Soviet Union,1968,471,174.0,192
URS,Soviet Union,1972,531,192.0,214
URS,Soviet Union,1976,574,214.0,286
URS,Soviet Union,1980,660,286.0,442
URS,Soviet Union,1988,647,442.0,300
URU,Uruguay,1964,29,0.0,1
URU,Uruguay,1968,50,1.0,0
URU,Uruguay,1972,20,0.0,0
URU,Uruguay,1976,15,0.0,0
URU,Uruguay,1984,23,0.0,0
URU,Uruguay,1988,18,0.0,0
URU,Uruguay,1992,18,0.0,0
URU,Uruguay,1996,15,0.0,0
URU,Uruguay,2000,17,0.0,1
URU,Uruguay,2004,18,1.0,0
URU,Uruguay,2008,13,0.0,0
URU,Uruguay,2012,27,0.0,0
URU,Uruguay,2016,17,0.0,0
URU,Uruguay,2020,11,0.0,0
URU,Uruguay,2024,27,0.0,0
USA,United States,1964,492,125.0,169
USA,United States,1968,529,169.0,166
USA,United States,1972,578,166.0,171
USA,United States,1976,554,171.0,164
USA,United States,1984,693,164.0,352
USA,United States,1988,715,352.0,207
USA,United States,1992,734,207.0,224
USA,United States,1996,839,224.0,259
USA,United States,2000,764,259.0,242
USA,United States,2004,726,242.0,263
USA,United States,2008,763,263.0,317
USA,United States,2012,689,317.0,248
USA,United States,2016,719,248.0,264
USA,United States,2020,820,264.0,283
USA,United States,2024,847,283.0,318
UZB,Uzbekistan,1996,95,,2
UZB,Uzbekistan,2000,85,2.0,4
UZB,Uzbekistan,2004,79,4.0,5
UZB,Uzbekistan,2008,69,5.0,6
UZB,Uzbekistan,2012,56,6.0,3
UZB,Uzbekistan,2016,80,3.0,13
UZB,Uzbekistan,2020,78,13.0,4
UZB,Uzbekistan,2024,120,4.0,13
VAN,Vanuatu,1988,6,,0
VAN,Vanuatu,1992,8,0.0,0
VAN,Vanuatu,1996,4,0.0,0
VAN,Vanuatu,2000,3,0.0,0
VAN,Vanuatu,2004,2,0.0,0
VAN,Vanuatu,2008,3,0.0,0
VAN,Vanuatu,2012,5,0.0,0
VAN,Vanuatu,2016,4,0.0,0
VAN,Vanuatu,2020,3,0.0,0
VAN,Vanuatu,2024,6,0.0,0
VEN,Venezuela,1964,23,1.0,0
VEN,Venezuela,1968,30,0.0,1
VEN,Venezuela,1972,33,1.0,0
VEN,Venezuela,1976,56,0.0,1
VEN,Venezuela,1980,43,1.0,1
VEN,Venezuela,1984,44,1.0,3
VEN,Venezuela,1988,17,3.0,0
VEN,Venezuela,1992,27,0.0,0
VEN,Venezuela,1996,53,0.0,0
VEN,Venezuela,2000,65,0.0,0
VEN,Venezuela,2004,53,0.0,2
VEN,Venezuela,2008,126,2.0,1
VEN,Venezuela,2012,85,1.0,1
VEN,Venezuela,2016,105,1.0,3
VEN,Venezuela,2020,46,3.0,4
VEN,Venezuela,2024,38,4.0,0
VIE,Vietnam,1980,38,,0
VIE,Vietnam,1988,12,0.0,0
VIE,Vietnam,1992,10,0.0,0
VIE,Vietnam,1996,6,0.0,0
VIE,Vietnam,2000,7,0.0,1
VIE,Vietnam,2004,11,1.0,0
VIE,Vietnam,2008,18,0.0,1
VIE,Vietnam,2012,24,1.0,0
VIE,Vietnam,2016,28,0.0,2
VIE,Vietnam,2020,21,2.0,0
VIE,Vietnam,2024,20,0.0,0
VIN,Saint Vincent and the Grenadines,1988,6,,0
VIN,Saint Vincent and the Grenadines,1992,8,0.0,0
VIN,Saint Vincent and the Grenadines,1996,12,0.0,0
VIN,Saint Vincent and the Grenadines,2000,4,0.0,0
VIN,Saint Vincent and the Grenadines,2004,3,0.0,0
VIN,Saint Vincent and the Grenadines,2008,2,0.0,0
VIN,Saint Vincent and the Grenadines,2012,3,0.0,0
VIN,Saint Vincent and the Grenadines,2016,4,0.0,0
VIN,Saint Vincent and the Grenadines,2020,3,0.0,0
VIN,Saint Vincent and the Grenadines,2024,4,0.0,0
VNM,South Vietnam,1964,23,0.0,0
VNM,South Vietnam,1968,9,0.0,0
VNM,South Vietnam,1972,2,0.0,0
YAR,North Yemen,1984,3,,0
YAR,North Yemen,1988,8,0.0,0
YEM,Yemen,1992,8,,0
YEM,Yemen,1996,4,0.0,0
YEM,Yemen,2000,2,0.0,0
YEM,Yemen,2004,3,0.0,0
YEM,Yemen,2008,8,0.0,0
YEM,Yemen,2012,4,0.0,0
YEM,Yemen,2016,3,0.0,0
YEM,Yemen,2020,6,0.0,0
YEM,Yemen,2024,4,0.0,0
YMD,South Yemen,1988,5,,0
YUG,Yugoslavia,1964,123,17.0,15
YUG,Yugoslavia,1968,130,15.0,29
YUG,Yugoslavia,1972,212,29.0,18
YUG,Yugoslavia,1976,95,18.0,19
YUG,Yugoslavia,1980,180,19.0,57
YUG,Yugoslavia,1984,154,57.0,87
YUG,Yugoslavia,1988,183,87.0,63
ZAM,Zambia,1964,15,,0
ZAM,Zambia,1968,7,0.0,0
ZAM,Zambia,1972,12,0.0,0
ZAM,Zambia,1980,43,0.0,0
ZAM,Zambia,1984,18,0.0,1
ZAM,Zambia,1988,33,1.0,0
ZAM,Zambia,1992,11,0.0,0
ZAM,Zambia,1996,8,0.0,1
ZAM,Zambia,2000,8,1.0,0
ZAM,Zambia,2004,6,0.0,0
ZAM,Zambia,2008,8,0.0,0
ZAM,Zambia,2012,7,0.0,0
ZAM,Zambia,2016,7,0.0,0
ZAM,Zambia,2020,30,0.0,0
ZAM,Zambia,2024,32,0.0,1
ZIM,Zimbabwe,1964,33,0.0,0
ZIM,Zimbabwe,1980,52,0.0,15
ZIM,Zimbabwe,1984,20,15.0,0
ZIM,Zimbabwe,1988,47,0.0,0
ZIM,Zimbabwe,1992,28,0.0,0
ZIM,Zimbabwe,1996,21,0.0,0
ZIM,Zimbabwe,2000,26,0.0,0
ZIM,Zimbabwe,2004,14,0.0,3
ZIM,Zimbabwe,2008,16,3.0,4
ZIM,Zimbabwe,2012,9,4.0,0
ZIM,Zimbabwe,2016,31,0.0,0
ZIM,Zimbabwe,2020,5,0.0,0
ZIM,Zimbabwe,2024,7,0.0,0
